{
  "type": "FeatureCollection",
  "generator": "overpass-turbo",
  "copyright": "The data included in this document is from www.openstreetmap.org. The data is made available under ODbL.",
  "timestamp": "2026-10-09T17:44:36Z",
  "features": [
    {
      "type": "Feature",
      "properties": {
        "@id": "relation/4297526",
        "amenity": "ferry_terminal",
        "ferry": "yes",
        "harbour": "yes",
        "name": "Kasımpaşa",
        "public_transport": "station",
        "type": "multipolygon",
        "@geometry": "center"
      },
      "geometry": {
        "type": "Point",
        "coordinates": [
          28.9662399,
          41.030419
        ]
      },
      "id": "relation/4297526"
    },
    {
      "type": "Feature",
      "properties": {
        "@id": "node/27607896",
        "amenity": "ferry_terminal",
        "cargo": "passengers",
        "ferry": "yes",
        "name": "Rumeli Kavağı",
        "name:ar": "محطة روملي كافاغي للنقل البحري",
        "public_transport": "station",
        "source": "survey"
      },
      "geometry": {
        "type": "Point",
        "coordinates": [
          29.075199,
          41.1816433
        ]
      },
      "id": "node/27607896"
    },
    {
      "type": "Feature",
      "properties": {
        "@id": "node/27609492",
        "amenity": "ferry_terminal",
        "ferry": "yes",
        "name": "Ayvansaray",
        "public_transport": "station",
        "source": "PGS",
        "wikidata": "Q113407620",
        "wikimedia_commons": "Category:Ayvansaray Pier",
        "wikipedia": "tr:Ayvansaray İskelesi"
      },
      "geometry": {
        "type": "Point",
        "coordinates": [
          28.9448547,
          41.0408106
        ]
      },
      "id": "node/27609492"
    },
    {
      "type": "Feature",
      "properties": {
        "@id": "node/27610949",
        "amenity": "ferry_terminal",
        "ferry": "yes",
        "name": "Sütlüce",
        "public_transport": "station",
        "source": "PGS",
        "wheelchair": "limited"
      },
      "geometry": {
        "type": "Point",
        "coordinates": [
          28.9406246,
          41.046615
        ]
      },
      "id": "node/27610949"
    },
    {
      "type": "Feature",
      "properties": {
        "@id": "node/27611418",
        "amenity": "ferry_terminal",
        "designation": "İskele",
        "ferry": "yes",
        "name": "Yeniköy Şehir Hatları İskelesi",
        "operator": "İBB",
        "public_transport": "station",
        "source": "http://www.sehirhatlari.com.tr"
      },
      "geometry": {
        "type": "Point",
        "coordinates": [
          29.071195,
          41.1217127
        ]
      },
      "id": "node/27611418"
    },
    {
      "type": "Feature",
      "properties": {
        "@id": "node/31678662",
        "name": "Karaköy",
        "name:en": "Karaköy Station, Tünel Line",
        "opening_hours": "Mo-Sa 07:00-22:45; Su 07:30-22:45",
        "public_transport": "station",
        "railway": "station",
        "station": "funicular",
        "tunnel": "yes",
        "wheelchair": "yes",
        "wikidata": "Q48805491",
        "wikimedia_commons": "Category:Karaköy (Tünel)"
      },
      "geometry": {
        "type": "Point",
        "coordinates": [
          28.9740393,
          41.0228645
        ]
      },
      "id": "node/31678662"
    },
    {
      "type": "Feature",
      "properties": {
        "@id": "node/31678663",
        "funicular": "yes",
        "internet_access": "no",
        "name": "Beyoğlu",
        "name:en": "Beyoğlu Station, Tünel Line",
        "opening_hours": "Mo-Sa 07:00-22:45; Su 07:30-22:45",
        "public_transport": "station",
        "railway": "station",
        "station": "funicular",
        "tunnel": "yes",
        "wheelchair": "yes",
        "wikidata": "Q20313271",
        "wikimedia_commons": "Category:Beyoğlu station"
      },
      "geometry": {
        "type": "Point",
        "coordinates": [
          28.9739892,
          41.0283447
        ]
      },
      "id": "node/31678663"
    },
    {
      "type": "Feature",
      "properties": {
        "@id": "way/112174276",
        "amenity": "ferry_terminal",
        "building": "yes",
        "ferry": "yes",
        "name": "Şehir Hatları Kadıköy İskelesi",
        "name:en": "Şehir Hatları Kadıköy Pier",
        "official_name": "Evliya Çelebi İskelesi",
        "operator": "Şehir Hatları",
        "public_transport": "station",
        "source": "Bing",
        "@geometry": "center"
      },
      "geometry": {
        "type": "Point",
        "coordinates": [
          28.9750672,
          41.0174361
        ]
      },
      "id": "way/112174276"
    },
    {
      "type": "Feature",
      "properties": {
        "@id": "way/162139998",
        "amenity": "ferry_terminal",
        "cargo": "No",
        "ferry": "yes",
        "name": "İDO Bakırköy İskelesi",
        "name:ar": "محطة بكركوي للنقل البحري",
        "operator": "İDO",
        "public_transport": "station",
        "wheelchair": "yes",
        "@geometry": "center"
      },
      "geometry": {
        "type": "Point",
        "coordinates": [
          28.8779008,
          40.9730384
        ]
      },
      "id": "way/162139998"
    },
    {
      "type": "Feature",
      "properties": {
        "@id": "way/225470894",
        "amenity": "ferry_terminal",
        "building": "yes",
        "ferry": "yes",
        "name": "Kabataş - Kadıköy Motor İskelesi",
        "name:en": "Kabatas - Kadıkoy Boat Port",
        "public_transport": "station",
        "@geometry": "center"
      },
      "geometry": {
        "type": "Point",
        "coordinates": [
          28.9941626,
          41.0355109
        ]
      },
      "id": "way/225470894"
    },
    {
      "type": "Feature",
      "properties": {
        "@id": "way/226127060",
        "amenity": "ferry_terminal",
        "man_made": "pier",
        "name": "Turyol Eminönü ve Karaköy İskelesi",
        "operator": "Turyol",
        "wheelchair": "limited",
        "@geometry": "center"
      },
      "geometry": {
        "type": "Point",
        "coordinates": [
          29.0239218,
          40.9937688
        ]
      },
      "id": "way/226127060"
    },
    {
      "type": "Feature",
      "properties": {
        "@id": "way/229826483",
        "amenity": "ferry_terminal",
        "building": "yes",
        "cargo": "passengers",
        "ferry": "yes",
        "name": "Çengelköy İskelesi",
        "public_transport": "station",
        "@geometry": "center"
      },
      "geometry": {
        "type": "Point",
        "coordinates": [
          29.0514816,
          41.0510189
        ]
      },
      "id": "way/229826483"
    },
    {
      "type": "Feature",
      "properties": {
        "@id": "way/236495360",
        "amenity": "ferry_terminal",
        "barrier": "fence",
        "ferry": "yes",
        "man_made": "pier",
        "name": "Kadıköy Deniz Otobüsü İskelesi",
        "name:en": "Kadıköy Seabus Pier",
        "name:tr": "Kadıköy İDO İskelesi",
        "network": "Bostancı, Yenikapı, Bakırköy",
        "operator": "İDO",
        "public_transport": "station",
        "wheelchair": "yes",
        "wikidata": "Q48989448",
        "wikipedia": "tr:İDO Kadıköy Terminali",
        "@geometry": "center"
      },
      "geometry": {
        "type": "Point",
        "coordinates": [
          29.0181021,
          40.991241
        ]
      },
      "id": "way/236495360"
    },
    {
      "type": "Feature",
      "properties": {
        "@id": "way/236642399",
        "amenity": "ferry_terminal",
        "check_date": "2025-04-07",
        "ferry": "yes",
        "man_made": "pier",
        "name": "Kadıköy Turyol İskelesi",
        "network": "Eminönü, Karaköy",
        "operator": "Turyol",
        "public_transport": "station",
        "wheelchair": "limited",
        "@geometry": "center"
      },
      "geometry": {
        "type": "Point",
        "coordinates": [
          29.0205134,
          40.9912916
        ]
      },
      "id": "way/236642399"
    },
    {
      "type": "Feature",
      "properties": {
        "@id": "way/237883709",
        "amenity": "ferry_terminal",
        "ferry": "yes",
        "name": "İDO Sirkeci Araba Vapuru İskelesi",
        "public_transport": "station",
        "@geometry": "center"
      },
      "geometry": {
        "type": "Point",
        "coordinates": [
          29.0096084,
          41.0106806
        ]
      },
      "id": "way/237883709"
    },
    {
      "type": "Feature",
      "properties": {
        "@id": "way/239630952",
        "amenity": "ferry_terminal",
        "building": "yes",
        "ferry": "yes",
        "name": "Turyol İskelesi",
        "public_transport": "station",
        "@geometry": "center"
      },
      "geometry": {
        "type": "Point",
        "coordinates": [
          28.9703535,
          41.0187488
        ]
      },
      "id": "way/239630952"
    },
    {
      "type": "Feature",
      "properties": {
        "@id": "way/240079127",
        "amenity": "ferry_terminal",
        "building": "yes",
        "ferry": "yes",
        "name": "Fener İskelesi",
        "name:en": "Fener Pier",
        "name:tr": "Fener İskelesi",
        "public_transport": "station",
        "wikidata": "Q116098828",
        "wikimedia_commons": "Category:Fener Pier",
        "wikipedia": "tr:Fener İskelesi",
        "@geometry": "center"
      },
      "geometry": {
        "type": "Point",
        "coordinates": [
          28.9526209,
          41.030947
        ]
      },
      "id": "way/240079127"
    },
    {
      "type": "Feature",
      "properties": {
        "@id": "way/240079131",
        "amenity": "ferry_terminal",
        "ferry": "yes",
        "name": "Turyol İskelesi",
        "operator": "Turyol",
        "public_transport": "station",
        "@geometry": "center"
      },
      "geometry": {
        "type": "Point",
        "coordinates": [
          28.9733347,
          41.021799
        ]
      },
      "id": "way/240079131"
    },
    {
      "type": "Feature",
      "properties": {
        "@id": "way/240079801",
        "amenity": "ferry_terminal",
        "ferry": "yes",
        "operator": "Şehir Hatları",
        "public_transport": "station",
        "website": "http://en.sehirhatlari.istanbul/en",
        "@geometry": "center"
      },
      "geometry": {
        "type": "Point",
        "coordinates": [
          28.9688811,
          41.0194329
        ]
      },
      "id": "way/240079801"
    },
    {
      "type": "Feature",
      "properties": {
        "@id": "way/242415652",
        "addr:city": "İstanbul",
        "addr:country": "TR",
        "addr:postcode": "34890",
        "addr:province": "Pendik",
        "addr:street": "Sahil Yolu",
        "amenity": "ferry_terminal",
        "barrier": "fence",
        "ferry": "yes",
        "internet_access": "wlan",
        "internet_access:fee": "yes",
        "name:tr": "Pendik İDO İskelesi",
        "public_transport": "station",
        "@geometry": "center"
      },
      "geometry": {
        "type": "Point",
        "coordinates": [
          29.236092,
          40.8744459
        ]
      },
      "id": "way/242415652"
    },
    {
      "type": "Feature",
      "properties": {
        "@id": "node/251733019",
        "name": "Zeytinburnu-Fişekhane",
        "network": "Türkiye Cumhuriyeti Devlet Demiryolları",
        "network:short": "TCDD",
        "network:wikidata": "Q499967",
        "operator": "TCDD Taşımacılık",
        "operator:wikidata": "Q28220824",
        "public_transport": "station",
        "railway": "station",
        "train": "yes",
        "wheelchair": "yes",
        "wikidata": "Q43398835",
        "wikimedia_commons": "Category:Zeytinburnu railway station",
        "wikipedia": "tr:Zeytinburnu-Fişekhane Tren İstasyonu"
      },
      "geometry": {
        "type": "Point",
        "coordinates": [
          28.9054568,
          40.9858638
        ]
      },
      "id": "node/251733019"
    },
    {
      "type": "Feature",
      "properties": {
        "@id": "node/251899089",
        "name": "Aksaray",
        "name:ar": "ترامواي اكسراي",
        "name:tr": "Aksaray",
        "public_transport": "stop_position",
        "railway": "tram_stop",
        "tram": "yes",
        "wheelchair": "yes"
      },
      "geometry": {
        "type": "Point",
        "coordinates": [
          28.9538781,
          41.0096115
        ]
      },
      "id": "node/251899089"
    },
    {
      "type": "Feature",
      "properties": {
        "@id": "node/251899092",
        "name": "Laleli-Üniversite",
        "public_transport": "stop_position",
        "railway": "tram_stop",
        "tram": "yes",
        "wheelchair": "yes"
      },
      "geometry": {
        "type": "Point",
        "coordinates": [
          28.9597143,
          41.009612
        ]
      },
      "id": "node/251899092"
    },
    {
      "type": "Feature",
      "properties": {
        "@id": "way/263756587",
        "addr:city": "İstanbul",
        "addr:district": "Fatih",
        "amenity": "ferry_terminal",
        "building": "transportation",
        "ferry": "yes",
        "public_transport": "station",
        "source": "Bing",
        "@geometry": "center"
      },
      "geometry": {
        "type": "Point",
        "coordinates": [
          28.976224,
          41.0169766
        ]
      },
      "id": "way/263756587"
    },
    {
      "type": "Feature",
      "properties": {
        "@id": "way/264038066",
        "amenity": "ferry_terminal",
        "building": "yes",
        "ferry": "yes",
        "name": "Maltepe Vapur İskelesi",
        "public_transport": "station",
        "@geometry": "center"
      },
      "geometry": {
        "type": "Point",
        "coordinates": [
          29.1284405,
          40.9182045
        ]
      },
      "id": "way/264038066"
    },
    {
      "type": "Feature",
      "properties": {
        "@id": "node/276948489",
        "name": "Tophane",
        "public_transport": "stop_position",
        "railway": "tram_stop",
        "tram": "yes",
        "wheelchair": "limited"
      },
      "geometry": {
        "type": "Point",
        "coordinates": [
          28.9803334,
          41.0267605
        ]
      },
      "id": "node/276948489"
    },
    {
      "type": "Feature",
      "properties": {
        "@id": "node/277162338",
        "amenity": "ferry_terminal",
        "ferry": "yes",
        "name": "Beşiktaş Dentur İskelesi",
        "name:en": "Besiktas",
        "name:ru": "Бешикташ",
        "public_transport": "station",
        "source": "PGS",
        "wheelchair": "yes"
      },
      "geometry": {
        "type": "Point",
        "coordinates": [
          29.0077801,
          41.0413118
        ]
      },
      "id": "node/277162338"
    },
    {
      "type": "Feature",
      "properties": {
        "@id": "node/277447220",
        "amenity": "ferry_terminal",
        "ferry": "yes",
        "name": "Beşiktaş",
        "name:ru": "Бешикташ",
        "operator": "Şehir Hatları",
        "public_transport": "stop_position",
        "waterway:sign": "ferry"
      },
      "geometry": {
        "type": "Point",
        "coordinates": [
          29.0057053,
          41.0399916
        ]
      },
      "id": "node/277447220"
    },
    {
      "type": "Feature",
      "properties": {
        "@id": "node/282903538",
        "ele": "19",
        "name": "Küçükyalı",
        "network": "Marmaray",
        "network:wikidata": "Q497844",
        "operator": "TCDD Taşımacılık",
        "operator:wikidata": "Q28220824",
        "public_transport": "station",
        "railway": "station",
        "toilets:wheelchair": "yes",
        "train": "yes",
        "wheelchair": "limited",
        "wikidata": "Q55616344",
        "wikimedia_commons": "File:Küçükyalı Tren İstasyonu.jpg",
        "wikipedia": "tr:Küçükyalı Tren İstasyonu"
      },
      "geometry": {
        "type": "Point",
        "coordinates": [
          29.1071674,
          40.946258
        ]
      },
      "id": "node/282903538"
    },
    {
      "type": "Feature",
      "properties": {
        "@id": "node/282909259",
        "internet_access": "yes",
        "internet_access:fee": "no",
        "name": "Atalar",
        "network": "Marmaray",
        "network:wikidata": "Q497844",
        "operator": "TCDD Taşımacılık",
        "operator:wikidata": "Q28220824",
        "public_transport": "station",
        "railway": "station",
        "train": "yes",
        "wheelchair": "yes",
        "wikidata": "Q97320574",
        "wikimedia_commons": "File:Atalar Tren İstasyonu.jpg",
        "wikipedia": "tr:Atalar Tren İstasyonu"
      },
      "geometry": {
        "type": "Point",
        "coordinates": [
          29.1691914,
          40.8987868
        ]
      },
      "id": "node/282909259"
    },
    {
      "type": "Feature",
      "properties": {
        "@id": "node/282909973",
        "name": "Cevizli",
        "network": "Marmaray",
        "network:wikidata": "Q497844",
        "operator": "TCDD Taşımacılık",
        "operator:wikidata": "Q28220824",
        "public_transport": "station",
        "railway": "station",
        "train": "yes",
        "wheelchair": "yes",
        "wikidata": "Q97320607",
        "wikimedia_commons": "Category:Cevizli railway station",
        "wikipedia": "tr:Cevizli Tren İstasyonu"
      },
      "geometry": {
        "type": "Point",
        "coordinates": [
          29.1559855,
          40.9100807
        ]
      },
      "id": "node/282909973"
    },
    {
      "type": "Feature",
      "properties": {
        "@id": "node/287816572",
        "ele": "176",
        "name": "Kurfallı",
        "network": "Türkiye Cumhuriyeti Devlet Demiryolları",
        "network:short": "TCDD",
        "network:wikidata": "Q499967",
        "operator": "TCDD Taşımacılık",
        "operator:wikidata": "Q28220824",
        "public_transport": "station",
        "railway": "station",
        "train": "yes",
        "wikidata": "Q97334711"
      },
      "geometry": {
        "type": "Point",
        "coordinates": [
          28.263552,
          41.2117221
        ]
      },
      "id": "node/287816572"
    },
    {
      "type": "Feature",
      "properties": {
        "@id": "node/287816799",
        "ele": "221",
        "name": "Sinekli",
        "public_transport": "station",
        "railway": "station",
        "train": "yes",
        "wikidata": "Q97334714",
        "wikipedia": "tr:Sinekli Tren İstasyonu"
      },
      "geometry": {
        "type": "Point",
        "coordinates": [
          28.1922846,
          41.2310558
        ]
      },
      "id": "node/287816799"
    },
    {
      "type": "Feature",
      "properties": {
        "@id": "way/321201987",
        "addr:city": "İstanbul",
        "addr:district": "Fatih",
        "amenity": "ferry_terminal",
        "building": "yes",
        "ferry": "yes",
        "name": "Sirkeci-Harem İskelesi",
        "public_transport": "station",
        "@geometry": "center"
      },
      "geometry": {
        "type": "Point",
        "coordinates": [
          28.9765587,
          41.0168221
        ]
      },
      "id": "way/321201987"
    },
    {
      "type": "Feature",
      "properties": {
        "@id": "way/338641294",
        "amenity": "ferry_terminal",
        "building": "yes",
        "ferry": "yes",
        "name": "Şehir Hatları Boğaz İskelesi",
        "name:en": "Şehir Hatları Bosphorus Pier",
        "name:es": "crucero por bosforo 3 horas",
        "name:ko": "시티라인 보스포러스 해협 부두",
        "name:ru": "Эминёню (на Ускюдар)",
        "official_name": "Hezarfen Ahmet Çelebi İskelesi",
        "operator": "Şehir Hatları",
        "public_transport": "station",
        "source": "Bing",
        "@geometry": "center"
      },
      "geometry": {
        "type": "Point",
        "coordinates": [
          28.9740234,
          41.0178692
        ]
      },
      "id": "way/338641294"
    },
    {
      "type": "Feature",
      "properties": {
        "@id": "way/401120302",
        "addr:housenumber": "9-11",
        "addr:postcode": "34674",
        "addr:street": "Kuzguncuk Çarşısı Caddesi",
        "amenity": "ferry_terminal",
        "ferry": "yes",
        "name": "Kuzguncuk İskelesi",
        "network": "Boğaz Hattı",
        "operator": "Şehir Hatları",
        "public_transport": "station",
        "@geometry": "center"
      },
      "geometry": {
        "type": "Point",
        "coordinates": [
          29.0297681,
          41.036869
        ]
      },
      "id": "way/401120302"
    },
    {
      "type": "Feature",
      "properties": {
        "@id": "way/401123337",
        "amenity": "ferry_terminal",
        "building": "yes",
        "cargo": "passengers",
        "ferry": "yes",
        "name": "Beylerbeyi İskelesi",
        "name:ar": "محطة بيلربيه اسكسلسي للنقل البحري",
        "network": "Boğaz Hattı",
        "operator": "Şehir Hatları",
        "public_transport": "station",
        "@geometry": "center"
      },
      "geometry": {
        "type": "Point",
        "coordinates": [
          29.0446182,
          41.0449694
        ]
      },
      "id": "way/401123337"
    },
    {
      "type": "Feature",
      "properties": {
        "@id": "way/401416369",
        "amenity": "ferry_terminal",
        "ferry": "yes",
        "name": "Burgazada Deniz Otobüsü İskelesi",
        "operator": "İDO",
        "public_transport": "station",
        "@geometry": "center"
      },
      "geometry": {
        "type": "Point",
        "coordinates": [
          29.0699271,
          40.8815204
        ]
      },
      "id": "way/401416369"
    },
    {
      "type": "Feature",
      "properties": {
        "@id": "way/401416370",
        "amenity": "ferry_terminal",
        "ferry": "yes",
        "name": "Burgazada Vapur İskelesi",
        "name:en": "Burgezada Ferry Station",
        "operator": "Şehir Hatları",
        "public_transport": "station",
        "wikidata": "Q133467960",
        "wikipedia": "tr:Burgazada İskelesi",
        "@geometry": "center"
      },
      "geometry": {
        "type": "Point",
        "coordinates": [
          29.0703083,
          40.8811274
        ]
      },
      "id": "way/401416370"
    },
    {
      "type": "Feature",
      "properties": {
        "@id": "way/401416371",
        "amenity": "ferry_terminal",
        "ferry": "yes",
        "name": "Burgazada Motor İskelesi",
        "operator": "Mavi Marmara",
        "public_transport": "station",
        "@geometry": "center"
      },
      "geometry": {
        "type": "Point",
        "coordinates": [
          29.0698126,
          40.8803132
        ]
      },
      "id": "way/401416371"
    },
    {
      "type": "Feature",
      "properties": {
        "@id": "way/401650047",
        "amenity": "ferry_terminal",
        "ferry": "yes",
        "name": "Heybeliada Vapur İskelesi",
        "operator": "Şehir Hatları",
        "public_transport": "station",
        "@geometry": "center"
      },
      "geometry": {
        "type": "Point",
        "coordinates": [
          29.1017675,
          40.8769025
        ]
      },
      "id": "way/401650047"
    },
    {
      "type": "Feature",
      "properties": {
        "@id": "way/401650048",
        "amenity": "ferry_terminal",
        "ferry": "yes",
        "name": "Heybeliada İskelesi",
        "public_transport": "station",
        "@geometry": "center"
      },
      "geometry": {
        "type": "Point",
        "coordinates": [
          29.1010283,
          40.8778267
        ]
      },
      "id": "way/401650048"
    },
    {
      "type": "Feature",
      "properties": {
        "@id": "way/401651883",
        "amenity": "ferry_terminal",
        "building": "yes",
        "ferry": "yes",
        "name": "Kınalıada Vapur İskelesi",
        "operator": "Şehir Hatları",
        "public_transport": "station",
        "@geometry": "center"
      },
      "geometry": {
        "type": "Point",
        "coordinates": [
          29.0556718,
          40.9105976
        ]
      },
      "id": "way/401651883"
    },
    {
      "type": "Feature",
      "properties": {
        "@id": "way/401651886",
        "amenity": "ferry_terminal",
        "ferry": "yes",
        "name": "Kınalıada Deniz Otobüsü İskelesi",
        "operator": "İDO",
        "public_transport": "station",
        "@geometry": "center"
      },
      "geometry": {
        "type": "Point",
        "coordinates": [
          29.0557924,
          40.9102125
        ]
      },
      "id": "way/401651886"
    },
    {
      "type": "Feature",
      "properties": {
        "@id": "way/401651888",
        "amenity": "ferry_terminal",
        "building": "yes",
        "ferry": "yes",
        "name": "Mavimarmara.net",
        "operator": "Mavi Marmara",
        "public_transport": "station",
        "@geometry": "center"
      },
      "geometry": {
        "type": "Point",
        "coordinates": [
          29.0554127,
          40.9091433
        ]
      },
      "id": "way/401651888"
    },
    {
      "type": "Feature",
      "properties": {
        "@id": "way/402967664",
        "addr:neighbourhood": "Heybeliada",
        "amenity": "ferry_terminal",
        "ferry": "yes",
        "name": "Heybeliada-Büyükada-Kartal Motor İskelesi (Prenstur)",
        "operator": "Prenstur",
        "public_transport": "station",
        "@geometry": "center"
      },
      "geometry": {
        "type": "Point",
        "coordinates": [
          29.1003631,
          40.8787513
        ]
      },
      "id": "way/402967664"
    },
    {
      "type": "Feature",
      "properties": {
        "@id": "way/403827619",
        "amenity": "ferry_terminal",
        "ferry": "yes",
        "name": "Bostancı Deniz Otobüsü İskelesi",
        "name:tr": "Bostancı İDO İskelesi",
        "operator": "İDO",
        "public_transport": "station",
        "@geometry": "center"
      },
      "geometry": {
        "type": "Point",
        "coordinates": [
          29.0926152,
          40.9520747
        ]
      },
      "id": "way/403827619"
    },
    {
      "type": "Feature",
      "properties": {
        "@id": "way/404524230",
        "amenity": "ferry_terminal",
        "ferry": "yes",
        "name": "Bostancı Vapur İskelesi",
        "network": "Adalar",
        "operator": "Şehir Hatları",
        "public_transport": "station",
        "@geometry": "center"
      },
      "geometry": {
        "type": "Point",
        "coordinates": [
          29.0942585,
          40.9518497
        ]
      },
      "id": "way/404524230"
    },
    {
      "type": "Feature",
      "properties": {
        "@id": "way/404524231",
        "amenity": "ferry_terminal",
        "ferry": "yes",
        "name": "Bostancı Motor İskelesi",
        "network": "Adalar",
        "operator": "Mavi Marmara",
        "public_transport": "station",
        "@geometry": "center"
      },
      "geometry": {
        "type": "Point",
        "coordinates": [
          29.0939788,
          40.9523244
        ]
      },
      "id": "way/404524231"
    },
    {
      "type": "Feature",
      "properties": {
        "@id": "node/409151054",
        "addr:floor": "0",
        "amenity": "ferry_terminal",
        "check_date": "2025-04-28",
        "ferry": "yes",
        "level": "0",
        "name": "Şehir hatları Karaköy Eminönü İskelesi",
        "name:en": "Kadıköy",
        "name:ru": "Кадыкёй",
        "name:tr": "Şehir hatları Karaköy Eminönü İskelesi",
        "public_transport": "stop_position",
        "wheelchair": "yes"
      },
      "geometry": {
        "type": "Point",
        "coordinates": [
          29.0225349,
          40.9930645
        ]
      },
      "id": "node/409151054"
    },
    {
      "type": "Feature",
      "properties": {
        "@id": "node/409178527",
        "amenity": "ferry_terminal",
        "ferry": "yes",
        "name": "Burgazada",
        "name:ar": "محطة بورغ زادة للنقل البحري",
        "public_transport": "station"
      },
      "geometry": {
        "type": "Point",
        "coordinates": [
          29.0707969,
          40.8810827
        ]
      },
      "id": "node/409178527"
    },
    {
      "type": "Feature",
      "properties": {
        "@id": "node/414979679",
        "amenity": "ferry_terminal",
        "ferry": "yes",
        "name": "Hasköy",
        "public_transport": "station"
      },
      "geometry": {
        "type": "Point",
        "coordinates": [
          28.9490619,
          41.0405509
        ]
      },
      "id": "node/414979679"
    },
    {
      "type": "Feature",
      "properties": {
        "@id": "way/416118854",
        "amenity": "ferry_terminal",
        "building": "transportation",
        "ferry": "yes",
        "name": "Beşiktaş Motor İskelesi",
        "operator": "Turyol, Avrasya Dentur",
        "public_transport": "station",
        "wheelchair": "yes",
        "@geometry": "center"
      },
      "geometry": {
        "type": "Point",
        "coordinates": [
          29.0077867,
          41.0413123
        ]
      },
      "id": "way/416118854"
    },
    {
      "type": "Feature",
      "properties": {
        "@id": "node/481331395",
        "amenity": "ferry_terminal",
        "ferry": "yes",
        "name": "Beykoz",
        "public_transport": "station"
      },
      "geometry": {
        "type": "Point",
        "coordinates": [
          29.090244,
          41.1343422
        ]
      },
      "id": "node/481331395"
    },
    {
      "type": "Feature",
      "properties": {
        "@id": "node/493262183",
        "amenity": "ferry_terminal",
        "ferry": "yes",
        "man_made": "beacon",
        "name": "Büyükada - Şehir Hatları",
        "network": "Adalar-Kadıköy-Kabataş/ Bostancı-Adalar(Ring)/Büyükada-Sedefadası",
        "operator": "Şehir Hatları",
        "public_transport": "station",
        "seamark:light:character": "Iso",
        "seamark:light:colour": "yellow",
        "seamark:light:period": "3",
        "seamark:light:range": "3",
        "seamark:type": "light_minor",
        "source": "https://msi.nga.mil/Publications/NGALOL"
      },
      "geometry": {
        "type": "Point",
        "coordinates": [
          29.1277843,
          40.8761009
        ]
      },
      "id": "node/493262183"
    },
    {
      "type": "Feature",
      "properties": {
        "@id": "way/495802555",
        "amenity": "ferry_terminal",
        "building": "yes",
        "ferry": "yes",
        "name": "Büyükada İskelesi",
        "public_transport": "station",
        "wikimedia_commons": "File:Adalar_5540.jpg",
        "@geometry": "center"
      },
      "geometry": {
        "type": "Point",
        "coordinates": [
          29.1282281,
          40.8749207
        ]
      },
      "id": "way/495802555"
    },
    {
      "type": "Feature",
      "properties": {
        "@id": "node/513655717",
        "amenity": "ferry_terminal",
        "ferry": "yes",
        "name": "Bebek",
        "public_transport": "station"
      },
      "geometry": {
        "type": "Point",
        "coordinates": [
          29.0445551,
          41.0763149
        ]
      },
      "id": "node/513655717"
    },
    {
      "type": "Feature",
      "properties": {
        "@id": "node/513655728",
        "amenity": "ferry_terminal",
        "ferry": "yes",
        "name": "Arnavutköy",
        "public_transport": "station",
        "wheelchair": "yes"
      },
      "geometry": {
        "type": "Point",
        "coordinates": [
          29.0433754,
          41.0667815
        ]
      },
      "id": "node/513655728"
    },
    {
      "type": "Feature",
      "properties": {
        "@id": "way/525436004",
        "amenity": "ferry_terminal",
        "ferry": "yes",
        "name": "Anadolu Hisarı İskelesi",
        "public_transport": "station",
        "@geometry": "center"
      },
      "geometry": {
        "type": "Point",
        "coordinates": [
          29.0666481,
          41.0832446
        ]
      },
      "id": "way/525436004"
    },
    {
      "type": "Feature",
      "properties": {
        "@id": "way/525436005",
        "amenity": "ferry_terminal",
        "ferry": "yes",
        "name": "Kanlıca İskelesi",
        "public_transport": "station",
        "@geometry": "center"
      },
      "geometry": {
        "type": "Point",
        "coordinates": [
          29.0653275,
          41.1002594
        ]
      },
      "id": "way/525436005"
    },
    {
      "type": "Feature",
      "properties": {
        "@id": "way/525436006",
        "amenity": "ferry_terminal",
        "ferry": "yes",
        "name": "Çubuklu İskelesi",
        "public_transport": "station",
        "@geometry": "center"
      },
      "geometry": {
        "type": "Point",
        "coordinates": [
          29.0804532,
          41.1074371
        ]
      },
      "id": "way/525436006"
    },
    {
      "type": "Feature",
      "properties": {
        "@id": "way/525436007",
        "amenity": "ferry_terminal",
        "ferry": "yes",
        "name": "Paşabahçe İskelesi",
        "public_transport": "station",
        "@geometry": "center"
      },
      "geometry": {
        "type": "Point",
        "coordinates": [
          29.0932457,
          41.116675
        ]
      },
      "id": "way/525436007"
    },
    {
      "type": "Feature",
      "properties": {
        "@id": "node/530614437",
        "alt_name": "Yenikapı İDO İskelesi;İDO Yenikapı Terminalı",
        "amenity": "ferry_terminal",
        "ferry": "yes",
        "foot": "yes",
        "motor_vehicle": "yes",
        "name": "İDO Yenikapı Feribot İskelesi",
        "name:ar": "محطة إدو يني كابي",
        "name:en": "İDO Yenikapı Ferry Terminal",
        "name:ru": "Причал Йеникапы ИДО",
        "operator": "İDO",
        "public_transport": "station",
        "short_name": "Yenikapı İDO",
        "wheelchair": "limited"
      },
      "geometry": {
        "type": "Point",
        "coordinates": [
          28.9564664,
          41.0020796
        ]
      },
      "id": "node/530614437"
    },
    {
      "type": "Feature",
      "properties": {
        "@id": "node/537801381",
        "name": "Çemberlitaş",
        "name:ar": "ترام وي چامبره تاش",
        "name:ru": "Чемберлиташ",
        "public_transport": "stop_position",
        "railway": "tram_stop",
        "tram": "yes",
        "wheelchair": "yes"
      },
      "geometry": {
        "type": "Point",
        "coordinates": [
          28.9711451,
          41.0084652
        ]
      },
      "id": "node/537801381"
    },
    {
      "type": "Feature",
      "properties": {
        "@id": "node/537801624",
        "name": "Haseki",
        "name:ar": "حسكي ترام وي",
        "public_transport": "stop_position",
        "railway": "tram_stop",
        "tram": "yes",
        "wheelchair": "limited"
      },
      "geometry": {
        "type": "Point",
        "coordinates": [
          28.9431092,
          41.0110406
        ]
      },
      "id": "node/537801624"
    },
    {
      "type": "Feature",
      "properties": {
        "@id": "node/551453949",
        "amenity": "ferry_terminal",
        "ferry": "yes",
        "name": "Beylerbeyi İskelesi",
        "network": "Boğaz Hattı",
        "operator": "Şehir Hatları",
        "public_transport": "station"
      },
      "geometry": {
        "type": "Point",
        "coordinates": [
          29.0445612,
          41.0450559
        ]
      },
      "id": "node/551453949"
    },
    {
      "type": "Feature",
      "properties": {
        "@id": "node/583523020",
        "amenity": "ferry_terminal",
        "ferry": "yes",
        "name": "Kadiköy",
        "public_transport": "stop_position"
      },
      "geometry": {
        "type": "Point",
        "coordinates": [
          29.0215476,
          40.9918235
        ]
      },
      "id": "node/583523020"
    },
    {
      "type": "Feature",
      "properties": {
        "@id": "node/617374869",
        "name": "İdealtepe",
        "network": "Marmaray",
        "network:wikidata": "Q497844",
        "operator": "TCDD Taşımacılık",
        "operator:wikidata": "Q28220824",
        "public_transport": "station",
        "railway": "station",
        "train": "yes",
        "wheelchair": "yes",
        "wikidata": "Q55638302",
        "wikimedia_commons": "File:İdealtepe Tren İstasyonu.jpg",
        "wikipedia": "tr:İdealtepe Tren İstasyonu"
      },
      "geometry": {
        "type": "Point",
        "coordinates": [
          29.1142301,
          40.9378351
        ]
      },
      "id": "node/617374869"
    },
    {
      "type": "Feature",
      "properties": {
        "@id": "node/617374883",
        "name": "Süreyya Plajı",
        "network": "Marmaray",
        "network:wikidata": "Q497844",
        "operator": "TCDD Taşımacılık",
        "operator:wikidata": "Q28220824",
        "public_transport": "station",
        "railway": "station",
        "train": "yes",
        "wheelchair": "yes",
        "wikidata": "Q97320827",
        "wikimedia_commons": "File:Süreyya Plajı Tren İstasyonu.jpg",
        "wikipedia": "tr:Süreyya Plajı Tren İstasyonu"
      },
      "geometry": {
        "type": "Point",
        "coordinates": [
          29.1242545,
          40.9267803
        ]
      },
      "id": "node/617374883"
    },
    {
      "type": "Feature",
      "properties": {
        "@id": "node/617374899",
        "name": "Maltepe",
        "network": "Marmaray",
        "network:wikidata": "Q497844",
        "operator": "TCDD Taşımacılık",
        "operator:wikidata": "Q28220824",
        "public_transport": "station",
        "railway": "station",
        "train": "yes",
        "wheelchair": "yes",
        "wikidata": "Q6744772",
        "wikimedia_commons": "Category:Maltepe railway station",
        "wikipedia": "tr:Maltepe Tren İstasyonu"
      },
      "geometry": {
        "type": "Point",
        "coordinates": [
          29.1332851,
          40.920811
        ]
      },
      "id": "node/617374899"
    },
    {
      "type": "Feature",
      "properties": {
        "@id": "node/617375011",
        "ele": "12.4",
        "internet_access": "wlan",
        "name": "Pendik",
        "network": "Marmaray",
        "network:wikidata": "Q497844",
        "operator": "TCDD Taşımacılık",
        "operator:wikidata": "Q28220824",
        "public_transport": "station",
        "railway": "station",
        "toilets:wheelchair": "yes",
        "train": "yes",
        "wheelchair": "yes",
        "wikidata": "Q7162415",
        "wikimedia_commons": "Category:Pendik railway station",
        "wikipedia": "tr:Pendik Tren İstasyonu"
      },
      "geometry": {
        "type": "Point",
        "coordinates": [
          29.231651,
          40.8802417
        ]
      },
      "id": "node/617375011"
    },
    {
      "type": "Feature",
      "properties": {
        "@id": "node/670233794",
        "name": "Gayrettepe",
        "network": "İstanbul Metrosu",
        "network:wikidata": "Q498172",
        "operator": "Metro İstanbul",
        "operator:wikidata": "Q344299",
        "public_transport": "station",
        "railway": "station",
        "station": "subway",
        "subway": "yes",
        "wheelchair": "yes",
        "wikidata": "Q20717398",
        "wikimedia_commons": "Category:Gayrettepe (M2) Station",
        "wikipedia": "tr:Gayrettepe (M2, İstanbul Metrosu)"
      },
      "geometry": {
        "type": "Point",
        "coordinates": [
          29.0111192,
          41.0690337
        ]
      },
      "id": "node/670233794"
    },
    {
      "type": "Feature",
      "properties": {
        "@id": "way/692626936",
        "addr:neighbourhood": "Emirgan",
        "addr:street": "İstinye Caddesi",
        "amenity": "ferry_terminal",
        "building": "yes",
        "ferry": "yes",
        "name": "Emirgan Vapur İskelesi",
        "network": "Boğaz Hattı",
        "operator": "Şehir Hatları",
        "public_transport": "station",
        "@geometry": "center"
      },
      "geometry": {
        "type": "Point",
        "coordinates": [
          29.0560853,
          41.1030484
        ]
      },
      "id": "way/692626936"
    },
    {
      "type": "Feature",
      "properties": {
        "@id": "way/700032115",
        "amenity": "ferry_terminal",
        "building": "yes",
        "ferry": "yes",
        "name": "Mavi Marmara İskelesi",
        "public_transport": "station",
        "@geometry": "center"
      },
      "geometry": {
        "type": "Point",
        "coordinates": [
          29.127364,
          40.8745085
        ]
      },
      "id": "way/700032115"
    },
    {
      "type": "Feature",
      "properties": {
        "@id": "way/739105702",
        "addr:city": "İstanbul",
        "addr:country": "TR",
        "addr:district": "Beykoz",
        "addr:housenumber": "1C",
        "addr:neighbourhood": "Merkez Mahallesi",
        "addr:postcode": "34820",
        "addr:street": "Fevzi Paşa Caddesi",
        "amenity": "ferry_terminal",
        "building": "yes",
        "building:levels": "1",
        "ferry": "yes",
        "name": "Beykoz",
        "name:ar": "محطة بيه كوز للنقل البحري",
        "public_transport": "station",
        "@geometry": "center"
      },
      "geometry": {
        "type": "Point",
        "coordinates": [
          29.0903745,
          41.1346451
        ]
      },
      "id": "way/739105702"
    },
    {
      "type": "Feature",
      "properties": {
        "@id": "way/881753041",
        "amenity": "ferry_terminal",
        "building": "yes",
        "ferry": "yes",
        "public_transport": "station",
        "@geometry": "center"
      },
      "geometry": {
        "type": "Point",
        "coordinates": [
          29.009817,
          41.0106592
        ]
      },
      "id": "way/881753041"
    },
    {
      "type": "Feature",
      "properties": {
        "@id": "way/908662777",
        "amenity": "ferry_terminal",
        "building": "yes",
        "ferry": "yes",
        "public_transport": "station",
        "@geometry": "center"
      },
      "geometry": {
        "type": "Point",
        "coordinates": [
          29.0940873,
          40.9516327
        ]
      },
      "id": "way/908662777"
    },
    {
      "type": "Feature",
      "properties": {
        "@id": "way/908662778",
        "amenity": "ferry_terminal",
        "building": "yes",
        "ferry": "yes",
        "public_transport": "station",
        "@geometry": "center"
      },
      "geometry": {
        "type": "Point",
        "coordinates": [
          29.0944405,
          40.952005
        ]
      },
      "id": "way/908662778"
    },
    {
      "type": "Feature",
      "properties": {
        "@id": "node/972066800",
        "amenity": "ferry_terminal",
        "ferry": "yes",
        "name": "Kınalıada",
        "network": "Turyol",
        "operator": "Turyol",
        "public_transport": "station"
      },
      "geometry": {
        "type": "Point",
        "coordinates": [
          29.0558203,
          40.9095128
        ]
      },
      "id": "node/972066800"
    },
    {
      "type": "Feature",
      "properties": {
        "@id": "node/972636962",
        "amenity": "ferry_terminal",
        "ferry": "yes",
        "name": "Kınalıada",
        "public_transport": "station"
      },
      "geometry": {
        "type": "Point",
        "coordinates": [
          29.0558369,
          40.9102213
        ]
      },
      "id": "node/972636962"
    },
    {
      "type": "Feature",
      "properties": {
        "@id": "node/974667908",
        "name": "Topkapı",
        "public_transport": "stop_position",
        "railway": "tram_stop",
        "tram": "yes",
        "wheelchair": "no"
      },
      "geometry": {
        "type": "Point",
        "coordinates": [
          28.9194457,
          41.0192853
        ]
      },
      "id": "node/974667908"
    },
    {
      "type": "Feature",
      "properties": {
        "@id": "node/974667949",
        "name": "Cevizlibağ-A.Ö.Y.",
        "public_transport": "stop_position",
        "railway": "tram_stop",
        "tram": "yes",
        "wheelchair": "limited"
      },
      "geometry": {
        "type": "Point",
        "coordinates": [
          28.9115859,
          41.0160557
        ]
      },
      "id": "node/974667949"
    },
    {
      "type": "Feature",
      "properties": {
        "@id": "node/975063493",
        "name": "Pazartekke",
        "name:ar": "محطة تراموي بازارتيكي",
        "public_transport": "stop_position",
        "railway": "tram_stop",
        "tram": "yes",
        "wheelchair": "limited"
      },
      "geometry": {
        "type": "Point",
        "coordinates": [
          28.9271904,
          41.0182396
        ]
      },
      "id": "node/975063493"
    },
    {
      "type": "Feature",
      "properties": {
        "@id": "way/984258520",
        "amenity": "ferry_terminal",
        "building": "yes",
        "building:levels": "1",
        "ferry": "yes",
        "name": "Küçüksu İskelesi",
        "public_transport": "station",
        "@geometry": "center"
      },
      "geometry": {
        "type": "Point",
        "coordinates": [
          29.0653873,
          41.0796155
        ]
      },
      "id": "way/984258520"
    },
    {
      "type": "Feature",
      "properties": {
        "@id": "node/1000822648",
        "name": "Kartal",
        "network": "Marmaray",
        "network:wikidata": "Q497844",
        "operator": "TCDD Taşımacılık",
        "operator:wikidata": "Q28220824",
        "public_transport": "station",
        "railway": "station",
        "train": "yes",
        "wheelchair": "yes",
        "wikidata": "Q55615709",
        "wikimedia_commons": "Category:Kartal railway station",
        "wikipedia": "tr:Kartal Tren İstasyonu"
      },
      "geometry": {
        "type": "Point",
        "coordinates": [
          29.1910793,
          40.8886924
        ]
      },
      "id": "node/1000822648"
    },
    {
      "type": "Feature",
      "properties": {
        "@id": "way/1020971829",
        "amenity": "ferry_terminal",
        "building": "yes",
        "ferry": "yes",
        "public_transport": "station",
        "@geometry": "center"
      },
      "geometry": {
        "type": "Point",
        "coordinates": [
          28.9407196,
          41.0466394
        ]
      },
      "id": "way/1020971829"
    },
    {
      "type": "Feature",
      "properties": {
        "@id": "node/1024706628",
        "name": "Merter Tekstil Merkezi",
        "public_transport": "stop_position",
        "railway": "tram_stop",
        "tram": "yes",
        "wheelchair": "limited"
      },
      "geometry": {
        "type": "Point",
        "coordinates": [
          28.8807003,
          41.0115647
        ]
      },
      "id": "node/1024706628"
    },
    {
      "type": "Feature",
      "properties": {
        "@id": "node/1024706638",
        "name": "Güngören",
        "public_transport": "stop_position",
        "railway": "tram_stop",
        "tram": "yes",
        "wheelchair": "limited"
      },
      "geometry": {
        "type": "Point",
        "coordinates": [
          28.8774415,
          41.015239
        ]
      },
      "id": "node/1024706638"
    },
    {
      "type": "Feature",
      "properties": {
        "@id": "node/1026207150",
        "name": "Mescid-i Selam",
        "public_transport": "stop_position",
        "railway": "tram_stop",
        "tram": "yes",
        "wheelchair": "limited"
      },
      "geometry": {
        "type": "Point",
        "coordinates": [
          28.8511849,
          41.116287
        ]
      },
      "id": "node/1026207150"
    },
    {
      "type": "Feature",
      "properties": {
        "@id": "node/1026207436",
        "name": "Demirkapı",
        "name:ar": "ديمير كابي",
        "public_transport": "stop_position",
        "railway": "tram_stop",
        "tram": "yes",
        "wheelchair": "yes"
      },
      "geometry": {
        "type": "Point",
        "coordinates": [
          28.9234199,
          41.0369942
        ]
      },
      "id": "node/1026207436"
    },
    {
      "type": "Feature",
      "properties": {
        "@id": "node/1026207455",
        "name": "Şehitlik",
        "public_transport": "stop_position",
        "railway": "tram_stop",
        "tram": "yes"
      },
      "geometry": {
        "type": "Point",
        "coordinates": [
          28.9283291,
          41.0341778
        ]
      },
      "id": "node/1026207455"
    },
    {
      "type": "Feature",
      "properties": {
        "@id": "node/1026207486",
        "name": "Edirnekapı",
        "public_transport": "stop_position",
        "railway": "tram_stop",
        "tram": "yes"
      },
      "geometry": {
        "type": "Point",
        "coordinates": [
          28.9340828,
          41.0313255
        ]
      },
      "id": "node/1026207486"
    },
    {
      "type": "Feature",
      "properties": {
        "@id": "node/1027924561",
        "name": "Florya",
        "public_transport": "station",
        "railway": "station",
        "train": "yes",
        "wheelchair": "yes",
        "wikidata": "Q58814863",
        "wikimedia_commons": "Category:Florya railway station",
        "wikipedia": "tr:Florya Tren İstasyonu"
      },
      "geometry": {
        "type": "Point",
        "coordinates": [
          28.7876092,
          40.9728979
        ]
      },
      "id": "node/1027924561"
    },
    {
      "type": "Feature",
      "properties": {
        "@id": "way/1068175244",
        "amenity": "ferry_terminal",
        "ferry": "yes",
        "name": "Eyüp Vapur İskelesi",
        "operator": "İstanbul Şehir Hatları",
        "public_transport": "station",
        "@geometry": "center"
      },
      "geometry": {
        "type": "Point",
        "coordinates": [
          28.9377954,
          41.0472542
        ]
      },
      "id": "way/1068175244"
    },
    {
      "type": "Feature",
      "properties": {
        "@id": "way/1128458331",
        "amenity": "ferry_terminal",
        "building": "yes",
        "ferry": "yes",
        "layer": "1",
        "public_transport": "station",
        "@geometry": "center"
      },
      "geometry": {
        "type": "Point",
        "coordinates": [
          29.0582301,
          41.0745054
        ]
      },
      "id": "way/1128458331"
    },
    {
      "type": "Feature",
      "properties": {
        "@id": "way/1136239156",
        "amenity": "ferry_terminal",
        "building": "yes",
        "ferry": "yes",
        "public_transport": "station",
        "@geometry": "center"
      },
      "geometry": {
        "type": "Point",
        "coordinates": [
          28.9823555,
          41.0035756
        ]
      },
      "id": "way/1136239156"
    },
    {
      "type": "Feature",
      "properties": {
        "@id": "node/1164366991",
        "name": "Çapa-Şehremini",
        "name:ar": "محطة ترام وي تشابا تشهريميني",
        "public_transport": "stop_position",
        "railway": "tram_stop",
        "source": "local_knowledge",
        "tram": "yes",
        "wheelchair": "yes"
      },
      "geometry": {
        "type": "Point",
        "coordinates": [
          28.9333351,
          41.015279
        ]
      },
      "id": "node/1164366991"
    },
    {
      "type": "Feature",
      "properties": {
        "@id": "way/1183800499",
        "air_conditioning": "yes",
        "amenity": "ferry_terminal",
        "ferry": "yes",
        "indoor_seating": "yes",
        "name": "Avcılar İDO İskelesi",
        "network": "Şehir Hatları",
        "operator": "İDO",
        "operator:wikidata": "Q2905397",
        "outdoor_seating": "yes",
        "public_transport": "station",
        "wikidata": "Q2905397",
        "wikimedia_commons": "Category:İstanbul Deniz Otobüsleri",
        "wikipedia": "en:İDO",
        "@geometry": "center"
      },
      "geometry": {
        "type": "Point",
        "coordinates": [
          28.7179317,
          40.9711327
        ]
      },
      "id": "way/1183800499"
    },
    {
      "type": "Feature",
      "properties": {
        "@id": "node/1184766559",
        "name": "Yenimahalle",
        "network": "Türkiye Cumhuriyeti Devlet Demiryolları",
        "network:short": "TCDD",
        "network:wikidata": "Q499967",
        "operator": "TCDD Taşımacılık",
        "operator:wikidata": "Q28220824",
        "public_transport": "station",
        "railway": "station",
        "train": "yes",
        "wheelchair": "yes",
        "wikidata": "Q55638084",
        "wikimedia_commons": "Category:Yenimahalle railway station",
        "wikipedia": "tr:Yenimahalle Tren İstasyonu"
      },
      "geometry": {
        "type": "Point",
        "coordinates": [
          28.8810386,
          40.9817239
        ]
      },
      "id": "node/1184766559"
    },
    {
      "type": "Feature",
      "properties": {
        "@id": "node/1184766586",
        "name": "Yeşilyurt",
        "public_transport": "station",
        "railway": "station",
        "train": "yes",
        "wikidata": "Q92213253",
        "wikimedia_commons": "File:Yeşilyurt Tren İstasyonu.jpg",
        "wikipedia": "tr:Yeşilyurt Tren İstasyonu (İstanbul)"
      },
      "geometry": {
        "type": "Point",
        "coordinates": [
          28.8373253,
          40.9654468
        ]
      },
      "id": "node/1184766586"
    },
    {
      "type": "Feature",
      "properties": {
        "@id": "node/1200223872",
        "addr:postcode": "34825",
        "amenity": "ferry_terminal",
        "cargo": "passengers",
        "ferry": "yes",
        "name": "Anadolu Kavağı",
        "public_transport": "station",
        "website": "https://www.sehirhatlari.istanbul/en/timetables/domestic-trips/bogaz-hatlari/rumeli-kavagi-eminonu-174"
      },
      "geometry": {
        "type": "Point",
        "coordinates": [
          29.0878695,
          41.1734279
        ]
      },
      "id": "node/1200223872"
    },
    {
      "type": "Feature",
      "properties": {
        "@id": "way/1272081087",
        "amenity": "ferry_terminal",
        "ferry": "yes",
        "public_transport": "station",
        "@geometry": "center"
      },
      "geometry": {
        "type": "Point",
        "coordinates": [
          28.9596331,
          41.0262478
        ]
      },
      "id": "way/1272081087"
    },
    {
      "type": "Feature",
      "properties": {
        "@id": "node/1302508988",
        "name": "Emniyet - Fatih",
        "name:ar": "أمنيات الفاتح",
        "network": "İstanbul Metrosu",
        "network:wikidata": "Q498172",
        "operator": "Metro İstanbul",
        "operator:wikidata": "Q344299",
        "public_transport": "station",
        "railway": "station",
        "station": "subway",
        "subway": "yes",
        "wheelchair": "yes",
        "wikidata": "Q20717317",
        "wikipedia": "tr:Emniyet - Fatih (İstanbul metrosu)"
      },
      "geometry": {
        "type": "Point",
        "coordinates": [
          28.9396007,
          41.0174183
        ]
      },
      "id": "node/1302508988"
    },
    {
      "type": "Feature",
      "properties": {
        "@id": "way/1305509987",
        "amenity": "ferry_terminal",
        "ferry": "yes",
        "name": "Balat İskelesi",
        "public_transport": "station",
        "wikidata": "Q116060549",
        "wikimedia_commons": "Category:Balat Pier",
        "wikipedia": "tr:Balat İskelesi",
        "@geometry": "center"
      },
      "geometry": {
        "type": "Point",
        "coordinates": [
          28.9492126,
          41.0348197
        ]
      },
      "id": "way/1305509987"
    },
    {
      "type": "Feature",
      "properties": {
        "@id": "node/1346173701",
        "amenity": "ferry_terminal",
        "ferry": "yes",
        "public_transport": "station",
        "ref": "3"
      },
      "geometry": {
        "type": "Point",
        "coordinates": [
          28.9731981,
          41.0217333
        ]
      },
      "id": "node/1346173701"
    },
    {
      "type": "Feature",
      "properties": {
        "@id": "way/1367997196",
        "amenity": "ferry_terminal",
        "ferry": "yes",
        "name": "İDO Tuzla İskelesi",
        "public_transport": "station",
        "@geometry": "center"
      },
      "geometry": {
        "type": "Point",
        "coordinates": [
          29.30257,
          40.814848
        ]
      },
      "id": "way/1367997196"
    },
    {
      "type": "Feature",
      "properties": {
        "@id": "way/1370661359",
        "amenity": "ferry_terminal",
        "building": "yes",
        "ferry": "yes",
        "layer": "-1",
        "name": "Bebek İskelesi",
        "public_transport": "station",
        "wikidata": "Q116303780",
        "wikimedia_commons": "Category:Bebek Pier",
        "wikipedia": "tr:Bebek İskelesi",
        "@geometry": "center"
      },
      "geometry": {
        "type": "Point",
        "coordinates": [
          29.0444388,
          41.0763185
        ]
      },
      "id": "way/1370661359"
    },
    {
      "type": "Feature",
      "properties": {
        "@id": "way/1551187821",
        "abandoned:railway": "station",
        "access": "unknown",
        "name": "Menekşe Gar Binası",
        "public_transport": "station",
        "railway": "station",
        "train": "yes",
        "@geometry": "center"
      },
      "geometry": {
        "type": "Point",
        "coordinates": [
          28.7796967,
          40.9752266
        ]
      },
      "id": "way/1551187821"
    },
    {
      "type": "Feature",
      "properties": {
        "@id": "node/1652678590",
        "name": "Altıyol",
        "public_transport": "stop_position",
        "railway": "tram_stop",
        "tram": "yes",
        "wikidata": "Q97207105",
        "wikimedia_commons": "Category:Altıyol (tram station)",
        "wikipedia": "tr:Altıyol (İstanbul Tramvayı)"
      },
      "geometry": {
        "type": "Point",
        "coordinates": [
          29.0288441,
          40.9893839
        ]
      },
      "id": "node/1652678590"
    },
    {
      "type": "Feature",
      "properties": {
        "@id": "node/1652678592",
        "name": "Moda Caddesi",
        "public_transport": "stop_position",
        "railway": "tram_stop",
        "tram": "yes",
        "wikidata": "Q97208278",
        "wikimedia_commons": "Category:Moda Caddesi (tram station)",
        "wikipedia": "tr:Moda Caddesi (İstanbul Tramvayı)"
      },
      "geometry": {
        "type": "Point",
        "coordinates": [
          29.0243788,
          40.9840631
        ]
      },
      "id": "node/1652678592"
    },
    {
      "type": "Feature",
      "properties": {
        "@id": "node/1652678631",
        "name": "Kilise",
        "public_transport": "stop_position",
        "railway": "tram_stop",
        "tram": "yes",
        "wikidata": "Q97208029",
        "wikimedia_commons": "Category:Kilise (tram station)",
        "wikipedia": "tr:Kilise (İstanbul Tramvayı)"
      },
      "geometry": {
        "type": "Point",
        "coordinates": [
          29.0279178,
          40.9859846
        ]
      },
      "id": "node/1652678631"
    },
    {
      "type": "Feature",
      "properties": {
        "@id": "node/1652678642",
        "name": "Moda İlkokulu",
        "public_transport": "stop_position",
        "railway": "tram_stop",
        "tram": "yes",
        "wikidata": "Q97208287",
        "wikimedia_commons": "Category:Moda İlkokulu (tram station)",
        "wikipedia": "tr:Moda İlkokulu (İstanbul Tramvayı)"
      },
      "geometry": {
        "type": "Point",
        "coordinates": [
          29.0266951,
          40.9840944
        ]
      },
      "id": "node/1652678642"
    },
    {
      "type": "Feature",
      "properties": {
        "@id": "node/1652678643",
        "name": "Bahariye",
        "public_transport": "stop_position",
        "railway": "tram_stop",
        "tram": "yes",
        "wikidata": "Q97207273",
        "wikimedia_commons": "Category:Bahariye (tram station)",
        "wikipedia": "tr:Bahariye (İstanbul Tramvayı)"
      },
      "geometry": {
        "type": "Point",
        "coordinates": [
          29.0285525,
          40.987668
        ]
      },
      "id": "node/1652678643"
    },
    {
      "type": "Feature",
      "properties": {
        "@id": "node/1667301250",
        "amenity": "ferry_terminal",
        "ferry": "yes",
        "name": "Kasımpaşa",
        "public_transport": "station"
      },
      "geometry": {
        "type": "Point",
        "coordinates": [
          28.9660776,
          41.030314
        ]
      },
      "id": "node/1667301250"
    },
    {
      "type": "Feature",
      "properties": {
        "@id": "node/1744724160",
        "name": "Yeşilköy",
        "public_transport": "station",
        "railway": "station",
        "train": "yes",
        "wikidata": "Q92207039",
        "wikimedia_commons": "Category:Yeşilköy railway station",
        "wikipedia": "tr:Yeşilköy Tren İstasyonu"
      },
      "geometry": {
        "type": "Point",
        "coordinates": [
          28.8248689,
          40.9626534
        ]
      },
      "id": "node/1744724160"
    },
    {
      "type": "Feature",
      "properties": {
        "@id": "node/1746346192",
        "amenity": "ferry_terminal",
        "designation": "Motor İskelesi",
        "ferry": "yes",
        "name": "Yeniköy-Beykoz Motor İskelesi",
        "operator": "DENKOP",
        "public_transport": "station",
        "source": "http://www.denkop.net/Iskelelerimiz.html"
      },
      "geometry": {
        "type": "Point",
        "coordinates": [
          29.0710261,
          41.1217445
        ]
      },
      "id": "node/1746346192"
    },
    {
      "type": "Feature",
      "properties": {
        "@id": "node/1898299271",
        "air_conditioning": "yes",
        "baby_feeding": "room",
        "changing_table": "yes",
        "name": "Kadıköy",
        "network": "İstanbul Metrosu",
        "network:wikidata": "Q498172",
        "opening_hours": "Mo-Fr 06:00-24:00; Sa-Su 00:00-24:00",
        "operator": "Metro İstanbul",
        "operator:wikidata": "Q344299",
        "public_transport": "station",
        "railway": "station",
        "start_date": "2012-08-17",
        "station": "subway",
        "subway": "yes",
        "toilets": "yes",
        "toilets:wheelchair": "yes",
        "wheelchair": "yes",
        "wikidata": "Q18712376",
        "wikimedia_commons": "Category:Kadıköy Station",
        "wikipedia": "tr:Kadıköy (İstanbul Metrosu)"
      },
      "geometry": {
        "type": "Point",
        "coordinates": [
          29.0220448,
          40.9905872
        ]
      },
      "id": "node/1898299271"
    },
    {
      "type": "Feature",
      "properties": {
        "@id": "node/1898304351",
        "air_conditioning": "yes",
        "baby_feeding": "room",
        "changing_table": "yes",
        "ele": "-20",
        "local_ref": "2",
        "name": "Ayrılık Çeşmesi",
        "network": "İstanbul Metrosu",
        "network:wikidata": "Q498172",
        "opening_hours": "Mo-Fr 06:00-24:00; Sa-Su 00:00-24:00",
        "operator": "Metro İstanbul",
        "operator:wikidata": "Q344299",
        "public_transport": "station",
        "railway": "station",
        "start_date": "2013-10-29",
        "station": "subway",
        "subway": "yes",
        "toilets": "yes",
        "toilets:wheelchair": "yes",
        "train": "yes",
        "wheelchair": "yes",
        "wikidata": "Q18712120",
        "wikimedia_commons": "Category:Ayrılık Çeşmesi railway station",
        "wikipedia": "tr:Ayrılık Çeşmesi (İstanbul metrosu)"
      },
      "geometry": {
        "type": "Point",
        "coordinates": [
          29.0303357,
          41.000077
        ]
      },
      "id": "node/1898304351"
    },
    {
      "type": "Feature",
      "properties": {
        "@id": "node/1898314728",
        "air_conditioning": "yes",
        "baby_feeding": "room",
        "changing_table": "yes",
        "internet_access": "yes",
        "internet_access:fee": "customers",
        "name": "Yenisahra",
        "network": "İstanbul Metrosu",
        "network:wikidata": "Q498172",
        "opening_hours": "Mo-Fr 06:00-24:00; Sa-Su 00:00-24:00",
        "operator": "Metro İstanbul",
        "operator:wikidata": "Q344299",
        "public_transport": "station",
        "railway": "station",
        "start_date": "2012-08-17",
        "station": "subway",
        "subway": "yes",
        "toilets": "yes",
        "toilets:wheelchair": "yes",
        "wheelchair": "yes",
        "wikidata": "Q46696116",
        "wikimedia_commons": "Category:Yenisahra Station",
        "wikipedia": "tr:Yenisahra (İstanbul Metrosu)"
      },
      "geometry": {
        "type": "Point",
        "coordinates": [
          29.0904257,
          40.9845938
        ]
      },
      "id": "node/1898314728"
    },
    {
      "type": "Feature",
      "properties": {
        "@id": "node/1898314734",
        "air_conditioning": "yes",
        "baby_feeding": "room",
        "changing_table": "yes",
        "name": "Göztepe",
        "network": "İstanbul Metrosu",
        "network:wikidata": "Q498172",
        "opening_hours": "Mo-Fr 06:00-24:00; Sa-Su 00:00-24:00",
        "operator": "Metro İstanbul",
        "operator:wikidata": "Q344299",
        "public_transport": "station",
        "railway": "station",
        "start_date": "2012-08-17",
        "station": "subway",
        "subway": "yes",
        "toilets": "yes",
        "toilets:wheelchair": "yes",
        "wheelchair": "yes",
        "wikidata": "Q46690706",
        "wikimedia_commons": "Category:Göztepe (M4) Station",
        "wikipedia": "tr:Göztepe (İstanbul Metrosu)"
      },
      "geometry": {
        "type": "Point",
        "coordinates": [
          29.0706141,
          40.9940938
        ]
      },
      "id": "node/1898314734"
    },
    {
      "type": "Feature",
      "properties": {
        "@id": "node/1898314736",
        "air_conditioning": "yes",
        "baby_feeding": "room",
        "changing_table": "yes",
        "name": "Acıbadem",
        "network": "İstanbul Metrosu",
        "network:wikidata": "Q498172",
        "opening_hours": "Mo-Fr 06:00-24:00; Sa-Su 00:00-24:00",
        "operator": "Metro İstanbul",
        "operator:wikidata": "Q344299",
        "public_transport": "station",
        "railway": "station",
        "start_date": "2012-08-17",
        "station": "subway",
        "subway": "yes",
        "toilets": "yes",
        "toilets:wheelchair": "yes",
        "wheelchair": "yes",
        "wikidata": "Q46639579",
        "wikimedia_commons": "Category:Acıbadem Station",
        "wikipedia": "tr:Acıbadem (İstanbul Metrosu)"
      },
      "geometry": {
        "type": "Point",
        "coordinates": [
          29.0444009,
          41.0023323
        ]
      },
      "id": "node/1898314736"
    },
    {
      "type": "Feature",
      "properties": {
        "@id": "node/1898314743",
        "air_conditioning": "yes",
        "baby_feeding": "room",
        "changing_table": "yes",
        "name": "Bostancı",
        "network": "İstanbul Metrosu",
        "network:wikidata": "Q498172",
        "opening_hours": "Mo-Fr 06:00-24:00; Sa-Su 00:00-24:00",
        "operator": "Metro İstanbul",
        "operator:wikidata": "Q344299",
        "public_transport": "station",
        "railway": "station",
        "start_date": "2012-08-17",
        "station": "subway",
        "subway": "yes",
        "toilets": "yes",
        "toilets:wheelchair": "yes",
        "wheelchair": "yes",
        "wikidata": "Q46717966",
        "wikimedia_commons": "Category:Bostancı_(M4)_Station",
        "wikipedia": "tr:Bostancı (M4, İstanbul Metrosu)"
      },
      "geometry": {
        "type": "Point",
        "coordinates": [
          29.1053769,
          40.964688
        ]
      },
      "id": "node/1898314743"
    },
    {
      "type": "Feature",
      "properties": {
        "@id": "node/1907439622",
        "name": "Yunus",
        "network": "Marmaray",
        "network:wikidata": "Q497844",
        "operator": "TCDD Taşımacılık",
        "operator:wikidata": "Q28220824",
        "public_transport": "station",
        "railway": "station",
        "train": "yes",
        "wheelchair": "yes",
        "wikidata": "Q58814876",
        "wikimedia_commons": "File:Yunus Tren İstasyonu2.jpg",
        "wikipedia": "tr:Yunus Tren İstasyonu"
      },
      "geometry": {
        "type": "Point",
        "coordinates": [
          29.2104051,
          40.8845607
        ]
      },
      "id": "node/1907439622"
    },
    {
      "type": "Feature",
      "properties": {
        "@id": "node/1908362611",
        "addr:city": "İstanbul",
        "addr:district": "Kadıköy",
        "addr:neighbourhood": "Erenköy Mahallesi",
        "addr:postcode": "34738",
        "name": "Erenköy",
        "network": "Marmaray",
        "network:wikidata": "Q497844",
        "operator": "TCDD Taşımacılık",
        "operator:wikidata": "Q28220824",
        "public_transport": "station",
        "railway": "station",
        "train": "yes",
        "wheelchair": "yes",
        "wikidata": "Q43398833",
        "wikimedia_commons": "File:Erenköy Tren İstayonu.jpg",
        "wikipedia": "tr:Erenköy Tren İstasyonu"
      },
      "geometry": {
        "type": "Point",
        "coordinates": [
          29.0763755,
          40.971666
        ]
      },
      "id": "node/1908362611"
    },
    {
      "type": "Feature",
      "properties": {
        "@id": "node/1914280970",
        "amenity": "ferry_terminal",
        "ferry": "yes",
        "name": "İDO Bakırköy Terminali",
        "public_transport": "station"
      },
      "geometry": {
        "type": "Point",
        "coordinates": [
          28.8783825,
          40.973311
        ]
      },
      "id": "node/1914280970"
    },
    {
      "type": "Feature",
      "properties": {
        "@id": "node/1914280996",
        "amenity": "ferry_terminal",
        "ferry": "yes",
        "name": "Kadıköy Deniz Otobüsü İskelesi",
        "name:en": "Kadıköy Seabus Pier",
        "name:tr": "Kadıköy İDO İskelesi",
        "operator": "İDO",
        "public_transport": "station"
      },
      "geometry": {
        "type": "Point",
        "coordinates": [
          29.0182427,
          40.9916815
        ]
      },
      "id": "node/1914280996"
    },
    {
      "type": "Feature",
      "properties": {
        "@id": "node/1988218793",
        "air_conditioning": "yes",
        "baby_feeding": "room",
        "changing_table": "yes",
        "name": "Maltepe",
        "network": "İstanbul Metrosu",
        "network:wikidata": "Q498172",
        "opening_hours": "Mo-Fr 06:00-24:00; Sa-Su 00:00-24:00",
        "operator": "Metro İstanbul",
        "operator:wikidata": "Q344299",
        "public_transport": "station",
        "railway": "station",
        "start_date": "2012-08-17",
        "station": "subway",
        "subway": "yes",
        "toilets": "yes",
        "toilets:wheelchair": "yes",
        "wheelchair": "yes",
        "wikidata": "Q46722306",
        "wikimedia_commons": "Category:Maltepe Station",
        "wikipedia": "tr:Maltepe (İstanbul Metrosu)"
      },
      "geometry": {
        "type": "Point",
        "coordinates": [
          29.139504,
          40.9358681
        ]
      },
      "id": "node/1988218793"
    },
    {
      "type": "Feature",
      "properties": {
        "@id": "node/1988218796",
        "air_conditioning": "yes",
        "baby_feeding": "room",
        "changing_table": "yes",
        "name": "Kartal",
        "network": "İstanbul Metrosu",
        "network:wikidata": "Q498172",
        "opening_hours": "Mo-Fr 06:00-24:00; Sa-Su 00:00-24:00",
        "operator": "Metro İstanbul",
        "operator:wikidata": "Q344299",
        "public_transport": "station",
        "railway": "station",
        "start_date": "2012-08-17",
        "station": "subway",
        "subway": "yes",
        "toilets": "yes",
        "toilets:wheelchair": "yes",
        "wheelchair": "yes",
        "wikidata": "Q46771044",
        "wikimedia_commons": "Category:Kartal Station",
        "wikipedia": "tr:Kartal (İstanbul Metrosu)"
      },
      "geometry": {
        "type": "Point",
        "coordinates": [
          29.2113435,
          40.9065852
        ]
      },
      "id": "node/1988218796"
    },
    {
      "type": "Feature",
      "properties": {
        "@id": "node/1988218799",
        "air_conditioning": "yes",
        "baby_feeding": "room",
        "changing_table": "yes",
        "name": "Küçükyalı",
        "network": "İstanbul Metrosu",
        "network:wikidata": "Q498172",
        "opening_hours": "Mo-Fr 06:00-24:00; Sa-Su 00:00-24:00",
        "operator": "Metro İstanbul",
        "operator:wikidata": "Q344299",
        "public_transport": "station",
        "railway": "station",
        "start_date": "2012-08-17",
        "station": "subway",
        "subway": "yes",
        "toilets": "yes",
        "toilets:wheelchair": "yes",
        "wheelchair": "yes",
        "wikidata": "Q46719269",
        "wikimedia_commons": "Category:Küçükyalı Station",
        "wikipedia": "tr:Küçükyalı (İstanbul Metrosu)"
      },
      "geometry": {
        "type": "Point",
        "coordinates": [
          29.1219958,
          40.9489271
        ]
      },
      "id": "node/1988218799"
    },
    {
      "type": "Feature",
      "properties": {
        "@id": "node/2161450363",
        "name": "Sağmalcılar",
        "public_transport": "stop_position",
        "railway": "tram_stop",
        "tram": "yes"
      },
      "geometry": {
        "type": "Point",
        "coordinates": [
          28.9068063,
          41.0573925
        ]
      },
      "id": "node/2161450363"
    },
    {
      "type": "Feature",
      "properties": {
        "@id": "node/2161450394",
        "name": "KİPTAŞ Venezia",
        "public_transport": "stop_position",
        "railway": "tram_stop",
        "tram": "yes"
      },
      "geometry": {
        "type": "Point",
        "coordinates": [
          28.8746545,
          41.0813225
        ]
      },
      "id": "node/2161450394"
    },
    {
      "type": "Feature",
      "properties": {
        "@id": "node/2171927595",
        "name": "Seyrantepe",
        "network": "İstanbul Metrosu",
        "network:wikidata": "Q498172",
        "operator": "Metro İstanbul",
        "operator:wikidata": "Q344299",
        "public_transport": "station",
        "railway": "station",
        "station": "subway",
        "subway": "yes",
        "wheelchair": "yes",
        "wikidata": "Q47004751",
        "wikipedia": "tr:Seyrantepe (İstanbul Metrosu)"
      },
      "geometry": {
        "type": "Point",
        "coordinates": [
          28.9957261,
          41.1011898
        ]
      },
      "id": "node/2171927595"
    },
    {
      "type": "Feature",
      "properties": {
        "@id": "node/2171927596",
        "alt_name": "Sanayi Mahallesi",
        "name": "Sanayi",
        "network": "İstanbul Metrosu",
        "network:wikidata": "Q498172",
        "operator": "Metro İstanbul",
        "operator:wikidata": "Q344299",
        "public_transport": "station",
        "railway": "station",
        "station": "subway",
        "subway": "yes",
        "wheelchair": "yes",
        "wikidata": "Q20718122",
        "wikimedia_commons": "Category:Sanayi Mahallesi Station",
        "wikipedia": "tr:Sanayi Mahallesi (İstanbul metrosu)"
      },
      "geometry": {
        "type": "Point",
        "coordinates": [
          29.0051754,
          41.0942135
        ]
      },
      "id": "node/2171927596"
    },
    {
      "type": "Feature",
      "properties": {
        "@id": "node/2201648932",
        "amenity": "ferry_terminal",
        "ferry": "yes",
        "name": "Sarıyer",
        "operator": "Şehir Hatları",
        "public_transport": "station",
        "source": "PGS"
      },
      "geometry": {
        "type": "Point",
        "coordinates": [
          29.0575868,
          41.1662756
        ]
      },
      "id": "node/2201648932"
    },
    {
      "type": "Feature",
      "properties": {
        "@id": "node/2201649420",
        "amenity": "ferry_terminal",
        "ferry": "yes",
        "name": "İDO Sarıyer İskelesi",
        "name:tr": "seyit",
        "operator": "İDO",
        "public_transport": "station"
      },
      "geometry": {
        "type": "Point",
        "coordinates": [
          29.0576841,
          41.16716
        ]
      },
      "id": "node/2201649420"
    },
    {
      "type": "Feature",
      "properties": {
        "@id": "node/2239404700",
        "name": "Atatürk Oto Sanayi",
        "network": "İstanbul Metrosu",
        "network:wikidata": "Q498172",
        "operator": "Metro İstanbul",
        "operator:wikidata": "Q344299",
        "public_transport": "station",
        "railway": "station",
        "station": "subway",
        "subway": "yes",
        "wheelchair": "yes",
        "wikidata": "Q20312760",
        "wikimedia_commons": "Category:Atatürk Oto Sanayi Station",
        "wikipedia": "tr:Atatürk Oto Sanayi (İstanbul metrosu)"
      },
      "geometry": {
        "type": "Point",
        "coordinates": [
          29.0241763,
          41.1180498
        ]
      },
      "id": "node/2239404700"
    },
    {
      "type": "Feature",
      "properties": {
        "@id": "node/2253949587",
        "ele": "2",
        "name": "Halkalı",
        "network": "Marmaray",
        "network:wikidata": "Q497844",
        "operator": "TCDD Taşımacılık",
        "operator:wikidata": "Q28220824",
        "public_transport": "station",
        "railway": "station",
        "train": "yes",
        "wheelchair": "yes",
        "wikidata": "Q5642508",
        "wikimedia_commons": "Category:Halkalı Transfer Center",
        "wikipedia": "en:Halkalı railway station"
      },
      "geometry": {
        "type": "Point",
        "coordinates": [
          28.7665286,
          41.0183702
        ]
      },
      "id": "node/2253949587"
    },
    {
      "type": "Feature",
      "properties": {
        "@id": "node/2349794761",
        "amenity": "ferry_terminal",
        "ferry": "yes",
        "name": "Kadıköy",
        "name:en": "Kadıköy - Eminönü",
        "public_transport": "stop_position",
        "wheelchair": "limited"
      },
      "geometry": {
        "type": "Point",
        "coordinates": [
          29.0229787,
          40.993031
        ]
      },
      "id": "node/2349794761"
    },
    {
      "type": "Feature",
      "properties": {
        "@id": "node/2349794772",
        "amenity": "ferry_terminal",
        "check_date": "2025-04-28",
        "ferry": "yes",
        "name": "Kabataş İskelesi",
        "operator": "Şehir Hatları",
        "public_transport": "station"
      },
      "geometry": {
        "type": "Point",
        "coordinates": [
          29.0227779,
          40.9928075
        ]
      },
      "id": "node/2349794772"
    },
    {
      "type": "Feature",
      "properties": {
        "@id": "node/2360893097",
        "ele": "11.5",
        "internet_access": "no",
        "name": "Kaynarca",
        "network": "Marmaray",
        "network:wikidata": "Q497844",
        "operator": "TCDD Taşımacılık",
        "operator:wikidata": "Q28220824",
        "public_transport": "station",
        "railway": "station",
        "train": "yes",
        "wheelchair": "yes",
        "wikidata": "Q43398839",
        "wikimedia_commons": "File:Kaynarca Tren İstasyonu.jpg",
        "wikipedia": "tr:Kaynarca Tren İstasyonu"
      },
      "geometry": {
        "type": "Point",
        "coordinates": [
          29.2559613,
          40.8713681
        ]
      },
      "id": "node/2360893097"
    },
    {
      "type": "Feature",
      "properties": {
        "@id": "node/2368155177",
        "name": "Yusufpaşa",
        "name:ar": "ترام وي يوسف باشا",
        "public_transport": "stop_position",
        "railway": "tram_stop",
        "tram": "yes",
        "wheelchair": "no"
      },
      "geometry": {
        "type": "Point",
        "coordinates": [
          28.9466545,
          41.0100961
        ]
      },
      "id": "node/2368155177"
    },
    {
      "type": "Feature",
      "properties": {
        "@id": "node/2368155181",
        "name": "Yusufpaşa",
        "name:ar": "محطة ترام يوسف باشا",
        "public_transport": "stop_position",
        "railway": "tram_stop",
        "tram": "yes",
        "wheelchair": "no"
      },
      "geometry": {
        "type": "Point",
        "coordinates": [
          28.9466363,
          41.0100661
        ]
      },
      "id": "node/2368155181"
    },
    {
      "type": "Feature",
      "properties": {
        "@id": "node/2370143084",
        "air_conditioning": "yes",
        "baby_feeding": "room",
        "changing_table": "yes",
        "name": "Fıstıkağacı",
        "network": "İstanbul Metrosu",
        "network:wikidata": "Q498172",
        "opening_hours": "Mo-Fr 06:00-24:00; Sa-Su 00:00-24:00",
        "operator": "Metro İstanbul",
        "operator:wikidata": "Q344299",
        "public_transport": "station",
        "railway": "station",
        "start_date": "2017-12-15",
        "station": "subway",
        "subway": "yes",
        "toilets": "yes",
        "toilets:wheelchair": "yes",
        "wheelchair": "yes",
        "wikidata": "Q46599122",
        "wikimedia_commons": "Category:Fıstıkağacı Station",
        "wikipedia": "tr:Fıstıkağacı (İstanbul Metrosu)"
      },
      "geometry": {
        "type": "Point",
        "coordinates": [
          29.0283579,
          41.0281537
        ]
      },
      "id": "node/2370143084"
    },
    {
      "type": "Feature",
      "properties": {
        "@id": "node/2379809606",
        "name": "Fener",
        "public_transport": "stop_position",
        "railway": "tram_stop",
        "tram": "yes"
      },
      "geometry": {
        "type": "Point",
        "coordinates": [
          28.9544703,
          41.02864
        ]
      },
      "id": "node/2379809606"
    },
    {
      "type": "Feature",
      "properties": {
        "@id": "node/2383689265",
        "amenity": "ferry_terminal",
        "ferry": "yes",
        "name": "Kandilli",
        "public_transport": "station"
      },
      "geometry": {
        "type": "Point",
        "coordinates": [
          29.0581631,
          41.0746277
        ]
      },
      "id": "node/2383689265"
    },
    {
      "type": "Feature",
      "properties": {
        "@id": "node/2442359948",
        "name": "Mühürdar",
        "public_transport": "stop_position",
        "railway": "tram_stop",
        "tram": "yes",
        "wheelchair": "yes",
        "wikidata": "Q97208326",
        "wikimedia_commons": "Category:Mühürdar (tram station)",
        "wikipedia": "tr:Mühürdar (İstanbul Tramvayı)"
      },
      "geometry": {
        "type": "Point",
        "coordinates": [
          29.0211099,
          40.9854891
        ]
      },
      "id": "node/2442359948"
    },
    {
      "type": "Feature",
      "properties": {
        "@id": "node/2442360247",
        "name": "Çarşı",
        "public_transport": "stop_position",
        "railway": "tram_stop",
        "tram": "yes",
        "wikidata": "Q97209335",
        "wikimedia_commons": "Category:Çarşı (tram station)",
        "wikipedia": "tr:Çarşı (İstanbul Tramvayı)"
      },
      "geometry": {
        "type": "Point",
        "coordinates": [
          29.025524,
          40.9911511
        ]
      },
      "id": "node/2442360247"
    },
    {
      "type": "Feature",
      "properties": {
        "@id": "node/2445189207",
        "bench": "no",
        "lit": "no",
        "name": "Kadıköy - İDO- Metro",
        "network": "T3",
        "operator": "Metro İstanbul",
        "passenger_information_display": "no",
        "public_transport": "stop_position",
        "railway": "tram_stop",
        "shelter": "no",
        "surface": "asphalt",
        "tram": "yes",
        "wikidata": "Q107352145"
      },
      "geometry": {
        "type": "Point",
        "coordinates": [
          29.0221226,
          40.989981
        ]
      },
      "id": "node/2445189207"
    },
    {
      "type": "Feature",
      "properties": {
        "@id": "node/2446513149",
        "amenity": "ferry_terminal",
        "check_date": "2025-04-07",
        "ferry": "yes",
        "name": "Kadıköy",
        "public_transport": "station"
      },
      "geometry": {
        "type": "Point",
        "coordinates": [
          29.0204425,
          40.9913973
        ]
      },
      "id": "node/2446513149"
    },
    {
      "type": "Feature",
      "properties": {
        "@id": "node/2447719780",
        "amenity": "ferry_terminal",
        "ferry": "yes",
        "name": "Bostancı",
        "operator": "İDO",
        "public_transport": "station"
      },
      "geometry": {
        "type": "Point",
        "coordinates": [
          29.0928318,
          40.951845
        ]
      },
      "id": "node/2447719780"
    },
    {
      "type": "Feature",
      "properties": {
        "@id": "node/2456974746",
        "amenity": "ferry_terminal",
        "ferry": "yes",
        "name": "Üsküdar",
        "operator": "Dentur Avrasya",
        "public_transport": "station",
        "toilets:wheelchair": "no",
        "wheelchair": "no"
      },
      "geometry": {
        "type": "Point",
        "coordinates": [
          29.0157836,
          41.0280444
        ]
      },
      "id": "node/2456974746"
    },
    {
      "type": "Feature",
      "properties": {
        "@id": "node/2473741074",
        "amenity": "ferry_terminal",
        "ferry": "yes",
        "name": "Üsküdar",
        "public_transport": "station",
        "source": "GPS"
      },
      "geometry": {
        "type": "Point",
        "coordinates": [
          29.014792,
          41.0276035
        ]
      },
      "id": "node/2473741074"
    },
    {
      "type": "Feature",
      "properties": {
        "@id": "node/2474131665",
        "amenity": "ferry_terminal",
        "ferry": "yes",
        "name": "Eminönü",
        "name:ru": "Эминёню (на Адалар)",
        "operator": "Şehir Hatları",
        "public_transport": "station"
      },
      "geometry": {
        "type": "Point",
        "coordinates": [
          28.9751818,
          41.0175781
        ]
      },
      "id": "node/2474131665"
    },
    {
      "type": "Feature",
      "properties": {
        "@id": "node/2474577295",
        "amenity": "ferry_terminal",
        "ferry": "yes",
        "name": "Beşiktaş",
        "operator": "Şehir Hatları",
        "public_transport": "stop_position"
      },
      "geometry": {
        "type": "Point",
        "coordinates": [
          29.0074193,
          41.0408253
        ]
      },
      "id": "node/2474577295"
    },
    {
      "type": "Feature",
      "properties": {
        "@id": "node/2478522774",
        "amenity": "ferry_terminal",
        "ferry": "yes",
        "internet_access": "wlan",
        "name": "Eminönü (Turyol)",
        "public_transport": "station"
      },
      "geometry": {
        "type": "Point",
        "coordinates": [
          28.9704378,
          41.0188274
        ]
      },
      "id": "node/2478522774"
    },
    {
      "type": "Feature",
      "properties": {
        "@id": "node/2478522785",
        "amenity": "ferry_terminal",
        "ferry": "yes",
        "name": "Karaköy",
        "public_transport": "stop_position"
      },
      "geometry": {
        "type": "Point",
        "coordinates": [
          28.9768149,
          41.0211009
        ]
      },
      "id": "node/2478522785"
    },
    {
      "type": "Feature",
      "properties": {
        "@id": "node/2481849097",
        "amenity": "ferry_terminal",
        "ferry": "yes",
        "name": "Karaköy",
        "public_transport": "station"
      },
      "geometry": {
        "type": "Point",
        "coordinates": [
          28.9757039,
          41.0216273
        ]
      },
      "id": "node/2481849097"
    },
    {
      "type": "Feature",
      "properties": {
        "@id": "node/2511296163",
        "name": "Yenikapı",
        "network": "Marmaray",
        "network:wikidata": "Q497844",
        "operator": "TCDD Taşımacılık",
        "operator:wikidata": "Q28220824",
        "public_transport": "station",
        "railway": "station",
        "toilets:wheelchair": "yes",
        "train": "yes",
        "wheelchair": "yes",
        "wikidata": "Q18712646",
        "wikimedia_commons": "Category:Yenikapı Transfer Center",
        "wikipedia": "tr:Yenikapı Aktarma Merkezi"
      },
      "geometry": {
        "type": "Point",
        "coordinates": [
          28.9515608,
          41.0051614
        ]
      },
      "id": "node/2511296163"
    },
    {
      "type": "Feature",
      "properties": {
        "@id": "node/2560646246",
        "disused": "station",
        "disused:railway": "halt",
        "ele": "0",
        "name": "Kızılpınar",
        "railway": "halt",
        "wikidata": "Q97334720",
        "wikipedia": "tr:Kızılpınar Tren İstasyonu"
      },
      "geometry": {
        "type": "Point",
        "coordinates": [
          27.9642856,
          41.2731864
        ]
      },
      "id": "node/2560646246"
    },
    {
      "type": "Feature",
      "properties": {
        "@id": "node/2623370290",
        "ele": "226",
        "name": "Çayırdere",
        "public_transport": "station",
        "railway": "station",
        "train": "yes",
        "wikidata": "Q97334717",
        "wikipedia": "tr:Çayırdere Tren İstasyonu"
      },
      "geometry": {
        "type": "Point",
        "coordinates": [
          28.1219043,
          41.2600342
        ]
      },
      "id": "node/2623370290"
    },
    {
      "type": "Feature",
      "properties": {
        "@id": "node/2625912908",
        "ele": "60",
        "name": "Kabakça",
        "network": "Türkiye Cumhuriyeti Devlet Demiryolları",
        "network:short": "TCDD",
        "network:wikidata": "Q499967",
        "operator": "TCDD Taşımacılık",
        "operator:wikidata": "Q28220824",
        "public_transport": "station",
        "railway": "station",
        "train": "yes",
        "wikidata": "Q97334709",
        "wikipedia": "tr:Kabakça Tren İstasyonu"
      },
      "geometry": {
        "type": "Point",
        "coordinates": [
          28.3646796,
          41.2155753
        ]
      },
      "id": "node/2625912908"
    },
    {
      "type": "Feature",
      "properties": {
        "@id": "node/2625915618",
        "name": "Gökçeali",
        "public_transport": "station",
        "railway": "halt",
        "wikidata": "Q97334704",
        "wikipedia": "tr:Gökçeali Tren İstasyonu"
      },
      "geometry": {
        "type": "Point",
        "coordinates": [
          28.4537597,
          41.1755384
        ]
      },
      "id": "node/2625915618"
    },
    {
      "type": "Feature",
      "properties": {
        "@id": "node/2625916043",
        "name": "Çatalca",
        "public_transport": "station",
        "railway": "station",
        "wikidata": "Q97334701",
        "wikimedia_commons": "Category:Çatalca railway station",
        "wikipedia": "tr:Çatalca Tren İstasyonu"
      },
      "geometry": {
        "type": "Point",
        "coordinates": [
          28.4801991,
          41.1505729
        ]
      },
      "id": "node/2625916043"
    },
    {
      "type": "Feature",
      "properties": {
        "@id": "node/2694179273",
        "amenity": "ferry_terminal",
        "ferry": "yes",
        "name": "Harem",
        "public_transport": "station",
        "source": "GPS;PGS",
        "wikidata": "Q110701663",
        "wikimedia_commons": "Category:Harem Pier"
      },
      "geometry": {
        "type": "Point",
        "coordinates": [
          29.0099238,
          41.0108274
        ]
      },
      "id": "node/2694179273"
    },
    {
      "type": "Feature",
      "properties": {
        "@id": "node/2775388106",
        "name": "Taksim",
        "network": "T2 (Taksim - Tünel) Nostaljik Tramvay Hattı",
        "operator": "İETT",
        "public_transport": "stop_position",
        "railway": "tram_stop",
        "ref": "1",
        "tram": "yes",
        "wheelchair": "no",
        "wheelchair:description": "tekerlekli sandalyeli için uygun değildir."
      },
      "geometry": {
        "type": "Point",
        "coordinates": [
          28.9847653,
          41.0364811
        ]
      },
      "id": "node/2775388106"
    },
    {
      "type": "Feature",
      "properties": {
        "@id": "node/2775747127",
        "name": "Tünel",
        "network": "T2 (Taksim - Tünel) Nostaljik Tramvay Hattı",
        "operator": "İETT",
        "public_transport": "stop_position",
        "railway": "tram_stop",
        "ref": "5",
        "tram": "yes",
        "wheelchair": "limited",
        "wheelchair:description": "tekerlekli sandalyeli için uygun değildir."
      },
      "geometry": {
        "type": "Point",
        "coordinates": [
          28.9747735,
          41.0288361
        ]
      },
      "id": "node/2775747127"
    },
    {
      "type": "Feature",
      "properties": {
        "@id": "node/3083547590",
        "amenity": "ferry_terminal",
        "ferry": "yes",
        "name": "Sirkeci",
        "public_transport": "station"
      },
      "geometry": {
        "type": "Point",
        "coordinates": [
          28.9776393,
          41.016772
        ]
      },
      "id": "node/3083547590"
    },
    {
      "type": "Feature",
      "properties": {
        "@id": "node/3208558101",
        "name": "Olimpiyat",
        "network": "İstanbul Metrosu",
        "public_transport": "station",
        "railway": "station",
        "station": "subway",
        "subway": "yes",
        "wheelchair": "yes",
        "wikidata": "Q47004452",
        "wikimedia_commons": "Category:Olimpiyat (M9) Station",
        "wikipedia": "tr:Olimpiyat (İstanbul metrosu)"
      },
      "geometry": {
        "type": "Point",
        "coordinates": [
          28.7672398,
          41.0795735
        ]
      },
      "id": "node/3208558101"
    },
    {
      "type": "Feature",
      "properties": {
        "@id": "node/3219831111",
        "name": "Ziya Gökalp",
        "network": "İstanbul Metrosu",
        "public_transport": "station",
        "railway": "station",
        "station": "subway",
        "subway": "yes",
        "wheelchair": "yes",
        "wikidata": "Q48803902",
        "wikimedia_commons": "Category:Ziya Gökalp Mahallesi Station",
        "wikipedia": "tr:Ziya Gökalp Mahallesi (İstanbul metrosu)"
      },
      "geometry": {
        "type": "Point",
        "coordinates": [
          28.7864545,
          41.0745493
        ]
      },
      "id": "node/3219831111"
    },
    {
      "type": "Feature",
      "properties": {
        "@id": "node/3219831127",
        "air_conditioning": "yes",
        "baby_feeding": "room",
        "changing_table": "yes",
        "internet_access": "yes",
        "name": "İSTOÇ",
        "network": "İstanbul Metrosu",
        "network:wikidata": "Q498172",
        "opening_hours": "Mo-Su 06:00-24:00",
        "operator": "Metro İstanbul",
        "operator:wikidata": "Q344299",
        "public_transport": "station",
        "railway": "station",
        "start_date": "2013-06-14",
        "station": "subway",
        "subway": "yes",
        "toilets": "yes",
        "toilets:wheelchair": "yes",
        "wheelchair": "yes",
        "wikidata": "Q22952128",
        "wikimedia_commons": "Category:İSTOÇ Station",
        "wikipedia": "tr:İSTOÇ (İstanbul Metrosu)"
      },
      "geometry": {
        "type": "Point",
        "coordinates": [
          28.8260353,
          41.0649898
        ]
      },
      "id": "node/3219831127"
    },
    {
      "type": "Feature",
      "properties": {
        "@id": "node/3219831134",
        "air_conditioning": "yes",
        "baby_feeding": "room",
        "changing_table": "yes",
        "internet_access": "wlan",
        "internet_access:fee": "customers",
        "name": "Mahmutbey",
        "network": "İstanbul Metrosu",
        "network:wikidata": "Q498172",
        "opening_hours": "Mo-Fr 06:00-24:00; Sa-Su 00:00-24:00",
        "operator": "Metro İstanbul",
        "operator:wikidata": "Q344299",
        "public_transport": "station",
        "railway": "station",
        "start_date": "2013-06-14",
        "station": "subway",
        "subway": "yes",
        "toilets": "yes",
        "toilets:wheelchair": "yes",
        "wheelchair": "yes",
        "wikidata": "Q47004328",
        "wikimedia_commons": "Category:Mahmutbey (M3) Station",
        "wikipedia": "tr:Mahmutbey (İstanbul Metrosu)"
      },
      "geometry": {
        "type": "Point",
        "coordinates": [
          28.8306332,
          41.0551119
        ]
      },
      "id": "node/3219831134"
    },
    {
      "type": "Feature",
      "properties": {
        "@id": "node/3243585071",
        "air_conditioning": "yes",
        "baby_feeding": "room",
        "changing_table": "yes",
        "internet_access": "yes",
        "name": "Başak Konutları",
        "network": "İstanbul Metrosu",
        "network:wikidata": "Q498172",
        "opening_hours": "Mo-Su 06:00-24:00",
        "operator": "Metro İstanbul",
        "operator:wikidata": "Q344299",
        "public_transport": "station",
        "railway": "station",
        "start_date": "2013-06-14",
        "station": "subway",
        "subway": "yes",
        "toilets": "yes",
        "toilets:wheelchair": "yes",
        "wheelchair": "yes",
        "wikidata": "Q18787577",
        "wikimedia_commons": "Category:Başak Konutları Station",
        "wikipedia": "tr:Başak Konutları (İstanbul Metrosu)"
      },
      "geometry": {
        "type": "Point",
        "coordinates": [
          28.7913461,
          41.0978061
        ]
      },
      "id": "node/3243585071"
    },
    {
      "type": "Feature",
      "properties": {
        "@id": "node/3243585072",
        "air_conditioning": "yes",
        "baby_feeding": "room",
        "changing_table": "yes",
        "internet_access": "yes",
        "name": "Metrokent",
        "network": "İstanbul Metrosu",
        "network:wikidata": "Q498172",
        "opening_hours": "Mo-Su 06:00-24:00",
        "operator": "Metro İstanbul",
        "operator:wikidata": "Q344299",
        "public_transport": "station",
        "railway": "station",
        "start_date": "2013-06-14",
        "station": "subway",
        "subway": "yes",
        "toilets": "yes",
        "toilets:wheelchair": "yes",
        "wheelchair": "yes",
        "wikidata": "Q20718061",
        "wikimedia_commons": "Category:Metrokent Station",
        "wikipedia": "tr:Başakşehir-Metrokent"
      },
      "geometry": {
        "type": "Point",
        "coordinates": [
          28.8014943,
          41.1081483
        ]
      },
      "id": "node/3243585072"
    },
    {
      "type": "Feature",
      "properties": {
        "@id": "node/3243585073",
        "air_conditioning": "yes",
        "baby_feeding": "room",
        "changing_table": "yes",
        "internet_access": "yes",
        "name": "İkitelli Sanayi",
        "network": "İstanbul Metrosu",
        "network:wikidata": "Q498172",
        "opening_hours": "Mo-Su 06:00-24:00",
        "operator": "Metro İstanbul",
        "operator:wikidata": "Q344299",
        "public_transport": "station",
        "railway": "station",
        "start_date": "2013-06-14",
        "station": "subway",
        "subway": "yes",
        "toilets": "yes",
        "toilets:wheelchair": "yes",
        "wheelchair": "yes",
        "wikidata": "Q18787673",
        "wikimedia_commons": "Category:İkitelli Sanayi Station",
        "wikipedia": "tr:İkitelli Sanayi (İstanbul Metrosu)"
      },
      "geometry": {
        "type": "Point",
        "coordinates": [
          28.803895,
          41.0711324
        ]
      },
      "id": "node/3243585073"
    },
    {
      "type": "Feature",
      "properties": {
        "@id": "node/3279313968",
        "amenity": "ferry_terminal",
        "ferry": "yes",
        "name": "Kadıköy",
        "public_transport": "station"
      },
      "geometry": {
        "type": "Point",
        "coordinates": [
          29.0238888,
          40.9937239
        ]
      },
      "id": "node/3279313968"
    },
    {
      "type": "Feature",
      "properties": {
        "@id": "node/3279318783",
        "amenity": "ferry_terminal",
        "ferry": "yes",
        "public_transport": "station"
      },
      "geometry": {
        "type": "Point",
        "coordinates": [
          29.0238887,
          40.9938136
        ]
      },
      "id": "node/3279318783"
    },
    {
      "type": "Feature",
      "properties": {
        "@id": "node/3281338268",
        "amenity": "ferry_terminal",
        "ferry": "yes",
        "name": "Heybeliada - Büyükada",
        "operator": "Prenstur",
        "public_transport": "station"
      },
      "geometry": {
        "type": "Point",
        "coordinates": [
          29.1004747,
          40.8787861
        ]
      },
      "id": "node/3281338268"
    },
    {
      "type": "Feature",
      "properties": {
        "@id": "node/3282349639",
        "name": "Sultanahmet",
        "name:ru": "Султанахмет",
        "public_transport": "stop_position",
        "railway": "tram_stop",
        "tram": "yes",
        "wheelchair": "yes"
      },
      "geometry": {
        "type": "Point",
        "coordinates": [
          28.9755138,
          41.0080972
        ]
      },
      "id": "node/3282349639"
    },
    {
      "type": "Feature",
      "properties": {
        "@id": "node/3282349640",
        "name": "Sultanahmet",
        "name:ar": "ترامواي السلطان احمد",
        "name:en": "Sultanahmet Station",
        "name:ru": "Султанахмет",
        "public_transport": "stop_position",
        "railway": "tram_stop",
        "tram": "yes",
        "wheelchair": "yes"
      },
      "geometry": {
        "type": "Point",
        "coordinates": [
          28.9755143,
          41.0081113
        ]
      },
      "id": "node/3282349640"
    },
    {
      "type": "Feature",
      "properties": {
        "@id": "node/3282357299",
        "name": "Çemberlitaş",
        "name:ar": "ترامواي چامبره تاش 1",
        "name:en": "Çemberlitaş",
        "name:tr": "Çemberlitaş",
        "public_transport": "stop_position",
        "railway": "tram_stop",
        "tram": "yes",
        "wheelchair": "yes"
      },
      "geometry": {
        "type": "Point",
        "coordinates": [
          28.9711446,
          41.0084268
        ]
      },
      "id": "node/3282357299"
    },
    {
      "type": "Feature",
      "properties": {
        "@id": "node/3282357312",
        "name": "Laleli-Üniversite",
        "public_transport": "stop_position",
        "railway": "tram_stop",
        "tram": "yes",
        "wheelchair": "yes"
      },
      "geometry": {
        "type": "Point",
        "coordinates": [
          28.9597129,
          41.0095958
        ]
      },
      "id": "node/3282357312"
    },
    {
      "type": "Feature",
      "properties": {
        "@id": "node/3282357315",
        "name": "Aksaray",
        "public_transport": "stop_position",
        "railway": "tram_stop",
        "tram": "yes",
        "wheelchair": "yes"
      },
      "geometry": {
        "type": "Point",
        "coordinates": [
          28.9538804,
          41.0095916
        ]
      },
      "id": "node/3282357315"
    },
    {
      "type": "Feature",
      "properties": {
        "@id": "node/3282357326",
        "name": "Haseki",
        "public_transport": "stop_position",
        "railway": "tram_stop",
        "tram": "yes",
        "wheelchair": "limited"
      },
      "geometry": {
        "type": "Point",
        "coordinates": [
          28.9430556,
          41.0109746
        ]
      },
      "id": "node/3282357326"
    },
    {
      "type": "Feature",
      "properties": {
        "@id": "node/3282357344",
        "name": "Çapa - Şehremini",
        "public_transport": "stop_position",
        "railway": "tram_stop",
        "source": "local_knowledge",
        "tram": "yes",
        "wheelchair": "yes"
      },
      "geometry": {
        "type": "Point",
        "coordinates": [
          28.933304,
          41.0152177
        ]
      },
      "id": "node/3282357344"
    },
    {
      "type": "Feature",
      "properties": {
        "@id": "node/3282357347",
        "name": "Cevizlibağ-A.Ö.Y.",
        "public_transport": "stop_position",
        "railway": "tram_stop",
        "tram": "yes",
        "wheelchair": "limited"
      },
      "geometry": {
        "type": "Point",
        "coordinates": [
          28.9116644,
          41.0159401
        ]
      },
      "id": "node/3282357347"
    },
    {
      "type": "Feature",
      "properties": {
        "@id": "node/3282357358",
        "name": "Eminönü",
        "name:ar": "محطة ترام امينو",
        "name:fr": "إيمنون",
        "name:tr": "Eminönü",
        "public_transport": "stop_position",
        "railway": "tram_stop",
        "tram": "yes"
      },
      "geometry": {
        "type": "Point",
        "coordinates": [
          28.9732148,
          41.0174499
        ]
      },
      "id": "node/3282357358"
    },
    {
      "type": "Feature",
      "properties": {
        "@id": "node/3282357359",
        "name": "Eminönü",
        "name:ar": "ترام وي أمينونو",
        "name:ru": "Эминёню",
        "public_transport": "stop_position",
        "railway": "tram_stop",
        "tram": "yes"
      },
      "geometry": {
        "type": "Point",
        "coordinates": [
          28.9732071,
          41.0174881
        ]
      },
      "id": "node/3282357359"
    },
    {
      "type": "Feature",
      "properties": {
        "@id": "node/3282362173",
        "name": "Pazartekke",
        "public_transport": "stop_position",
        "railway": "tram_stop",
        "tram": "yes",
        "wheelchair": "limited"
      },
      "geometry": {
        "type": "Point",
        "coordinates": [
          28.9271629,
          41.0182121
        ]
      },
      "id": "node/3282362173"
    },
    {
      "type": "Feature",
      "properties": {
        "@id": "node/3282362177",
        "name": "Topkapı",
        "public_transport": "stop_position",
        "railway": "tram_stop",
        "tram": "yes",
        "wheelchair": "no"
      },
      "geometry": {
        "type": "Point",
        "coordinates": [
          28.9194657,
          41.0192057
        ]
      },
      "id": "node/3282362177"
    },
    {
      "type": "Feature",
      "properties": {
        "@id": "node/3282369901",
        "name": "Merkez Efendi",
        "public_transport": "stop_position",
        "railway": "tram_stop",
        "tram": "yes",
        "wheelchair": "limited"
      },
      "geometry": {
        "type": "Point",
        "coordinates": [
          28.9095068,
          41.0104549
        ]
      },
      "id": "node/3282369901"
    },
    {
      "type": "Feature",
      "properties": {
        "@id": "node/3282388028",
        "name": "Mithatpaşa",
        "public_transport": "stop_position",
        "railway": "tram_stop",
        "tram": "yes",
        "wheelchair": "yes"
      },
      "geometry": {
        "type": "Point",
        "coordinates": [
          28.8998873,
          41.003385
        ]
      },
      "id": "node/3282388028"
    },
    {
      "type": "Feature",
      "properties": {
        "@id": "node/3282388035",
        "name": "Mithatpaşa",
        "public_transport": "stop_position",
        "railway": "tram_stop",
        "tram": "yes",
        "wheelchair": "yes"
      },
      "geometry": {
        "type": "Point",
        "coordinates": [
          28.9024959,
          41.0035653
        ]
      },
      "id": "node/3282388035"
    },
    {
      "type": "Feature",
      "properties": {
        "@id": "node/3282388046",
        "name": "Seyitnizam-Akşemsettin",
        "name:ar": "ملابس زيتونبورنو",
        "name:tr": "Akşemsettin",
        "public_transport": "stop_position",
        "railway": "tram_stop",
        "tram": "yes",
        "wheelchair": "limited"
      },
      "geometry": {
        "type": "Point",
        "coordinates": [
          28.9073645,
          41.0042031
        ]
      },
      "id": "node/3282388046"
    },
    {
      "type": "Feature",
      "properties": {
        "@id": "node/3282388047",
        "name": "Seyitnizam-Akşemsettin",
        "name:ar": "اكشيم سيتي",
        "public_transport": "stop_position",
        "railway": "tram_stop",
        "tram": "yes",
        "wheelchair": "limited"
      },
      "geometry": {
        "type": "Point",
        "coordinates": [
          28.9073596,
          41.0042355
        ]
      },
      "id": "node/3282388047"
    },
    {
      "type": "Feature",
      "properties": {
        "@id": "node/3282407221",
        "name": "Yavuz Selim",
        "public_transport": "stop_position",
        "railway": "tram_stop",
        "tram": "yes",
        "wheelchair": "limited"
      },
      "geometry": {
        "type": "Point",
        "coordinates": [
          28.8640201,
          41.0235118
        ]
      },
      "id": "node/3282407221"
    },
    {
      "type": "Feature",
      "properties": {
        "@id": "node/3282408428",
        "name": "Bağcılar",
        "public_transport": "stop_position",
        "railway": "tram_stop",
        "tram": "yes",
        "wheelchair": "limited"
      },
      "geometry": {
        "type": "Point",
        "coordinates": [
          28.8607387,
          41.0331166
        ]
      },
      "id": "node/3282408428"
    },
    {
      "type": "Feature",
      "properties": {
        "@id": "node/3282412925",
        "name": "Tophane",
        "public_transport": "stop_position",
        "railway": "tram_stop",
        "tram": "yes",
        "wheelchair": "limited"
      },
      "geometry": {
        "type": "Point",
        "coordinates": [
          28.9802781,
          41.0268005
        ]
      },
      "id": "node/3282412925"
    },
    {
      "type": "Feature",
      "properties": {
        "@id": "node/3285594382",
        "name": "Güneştepe",
        "name:ar": "كونيش تيبي",
        "public_transport": "stop_position",
        "railway": "tram_stop",
        "tram": "yes"
      },
      "geometry": {
        "type": "Point",
        "coordinates": [
          28.8610215,
          41.028958
        ]
      },
      "id": "node/3285594382"
    },
    {
      "type": "Feature",
      "properties": {
        "@id": "node/3285595247",
        "name": "Yavuz Selim",
        "public_transport": "stop_position",
        "railway": "tram_stop",
        "tram": "yes",
        "wheelchair": "limited"
      },
      "geometry": {
        "type": "Point",
        "coordinates": [
          28.8640724,
          41.0235482
        ]
      },
      "id": "node/3285595247"
    },
    {
      "type": "Feature",
      "properties": {
        "@id": "node/3285600731",
        "name": "Soğanlı",
        "public_transport": "stop_position",
        "railway": "tram_stop",
        "tram": "yes",
        "wheelchair": "limited"
      },
      "geometry": {
        "type": "Point",
        "coordinates": [
          28.8675592,
          41.0205475
        ]
      },
      "id": "node/3285600731"
    },
    {
      "type": "Feature",
      "properties": {
        "@id": "node/3285600732",
        "name": "Soğanlı",
        "public_transport": "stop_position",
        "railway": "tram_stop",
        "tram": "yes",
        "wheelchair": "limited"
      },
      "geometry": {
        "type": "Point",
        "coordinates": [
          28.8676168,
          41.0205923
        ]
      },
      "id": "node/3285600732"
    },
    {
      "type": "Feature",
      "properties": {
        "@id": "node/3285602067",
        "name": "Akıncılar",
        "public_transport": "stop_position",
        "railway": "tram_stop",
        "tram": "yes",
        "wheelchair": "limited"
      },
      "geometry": {
        "type": "Point",
        "coordinates": [
          28.8714252,
          41.0170846
        ]
      },
      "id": "node/3285602067"
    },
    {
      "type": "Feature",
      "properties": {
        "@id": "node/3289739283",
        "name": "Merkez Efendi",
        "public_transport": "stop_position",
        "railway": "tram_stop",
        "tram": "yes",
        "wheelchair": "limited"
      },
      "geometry": {
        "type": "Point",
        "coordinates": [
          28.9094588,
          41.0103501
        ]
      },
      "id": "node/3289739283"
    },
    {
      "type": "Feature",
      "properties": {
        "@id": "node/3289765790",
        "name": "Gülhane",
        "name:ar": "ترام وي گولهانه",
        "name:ru": "Гюльхане",
        "name:tr": "Gülhane",
        "public_transport": "stop_position",
        "railway": "tram_stop",
        "tram": "yes"
      },
      "geometry": {
        "type": "Point",
        "coordinates": [
          28.9784459,
          41.0121552
        ]
      },
      "id": "node/3289765790"
    },
    {
      "type": "Feature",
      "properties": {
        "@id": "node/3289765791",
        "name": "Gülhane",
        "name:ar": "ترام وي گولهانه",
        "name:ru": "Гюльхане",
        "name:tr": "Gülhane",
        "public_transport": "stop_position",
        "railway": "tram_stop",
        "tram": "yes"
      },
      "geometry": {
        "type": "Point",
        "coordinates": [
          28.9784087,
          41.0121632
        ]
      },
      "id": "node/3289765791"
    },
    {
      "type": "Feature",
      "properties": {
        "@id": "node/3289767772",
        "name": "Sirkeci",
        "public_transport": "stop_position",
        "railway": "tram_stop",
        "tram": "yes"
      },
      "geometry": {
        "type": "Point",
        "coordinates": [
          28.9759063,
          41.0151441
        ]
      },
      "id": "node/3289767772"
    },
    {
      "type": "Feature",
      "properties": {
        "@id": "node/3289767773",
        "name": "Sirkeci",
        "public_transport": "stop_position",
        "railway": "tram_stop",
        "tram": "yes"
      },
      "geometry": {
        "type": "Point",
        "coordinates": [
          28.9758304,
          41.0151642
        ]
      },
      "id": "node/3289767773"
    },
    {
      "type": "Feature",
      "properties": {
        "@id": "node/3289775017",
        "name": "Karaköy",
        "name:ru": "Каракёй",
        "public_transport": "stop_position",
        "railway": "tram_stop",
        "tram": "yes"
      },
      "geometry": {
        "type": "Point",
        "coordinates": [
          28.9747928,
          41.022212
        ]
      },
      "id": "node/3289775017"
    },
    {
      "type": "Feature",
      "properties": {
        "@id": "node/3289775018",
        "name": "Karaköy",
        "name:ru": "Каракёй",
        "public_transport": "stop_position",
        "railway": "tram_stop",
        "tram": "yes"
      },
      "geometry": {
        "type": "Point",
        "coordinates": [
          28.9747557,
          41.0222299
        ]
      },
      "id": "node/3289775018"
    },
    {
      "type": "Feature",
      "properties": {
        "@id": "node/3289778526",
        "name": "Fındıklı - MSÜ",
        "public_transport": "stop_position",
        "railway": "tram_stop",
        "tram": "yes"
      },
      "geometry": {
        "type": "Point",
        "coordinates": [
          28.989533,
          41.0315003
        ]
      },
      "id": "node/3289778526"
    },
    {
      "type": "Feature",
      "properties": {
        "@id": "node/3289778527",
        "name": "Fındıklı - MSÜ",
        "public_transport": "stop_position",
        "railway": "tram_stop",
        "tram": "yes"
      },
      "geometry": {
        "type": "Point",
        "coordinates": [
          28.9894567,
          41.0315308
        ]
      },
      "id": "node/3289778527"
    },
    {
      "type": "Feature",
      "properties": {
        "@id": "node/3289786336",
        "description": "Taksim yönü",
        "name": "Galatasaray Lisesi",
        "network": "T2 (Taksim - Tünel) Nostaljik Tramvay Hattı",
        "operator": "İETT",
        "public_transport": "stop_position",
        "railway": "tram_stop",
        "ref": "3",
        "tram": "yes",
        "wheelchair": "no",
        "wheelchair:description": "tekerlekli sandalyeli için uygun değildir."
      },
      "geometry": {
        "type": "Point",
        "coordinates": [
          28.9775964,
          41.0336499
        ]
      },
      "id": "node/3289786336"
    },
    {
      "type": "Feature",
      "properties": {
        "@id": "node/3289786337",
        "description": "Şişhane yönü",
        "name": "Galatasaray Lisesi",
        "network": "T2 (Taksim - Tünel) Nostaljik Tramvay Hattı",
        "operator": "İETT",
        "public_transport": "stop_position",
        "railway": "tram_stop",
        "ref": "3",
        "tram": "yes",
        "wheelchair": "no",
        "wheelchair:description": "tekerlekli sandalyeli için uygun değildir."
      },
      "geometry": {
        "type": "Point",
        "coordinates": [
          28.9775878,
          41.0336607
        ]
      },
      "id": "node/3289786337"
    },
    {
      "type": "Feature",
      "properties": {
        "@id": "node/3305442183",
        "ele": "11.5",
        "name": "Kazlıçeşme",
        "name:ru": "Казлычешме",
        "public_transport": "station",
        "railway": "station",
        "train": "yes",
        "wheelchair": "yes",
        "wikidata": "Q19611659",
        "wikimedia_commons": "Category:Kazlıçeşme railway station",
        "wikipedia": "tr:Kazlıçeşme Tren İstasyonu"
      },
      "geometry": {
        "type": "Point",
        "coordinates": [
          28.9168903,
          40.9926732
        ]
      },
      "id": "node/3305442183"
    },
    {
      "type": "Feature",
      "properties": {
        "@id": "node/3341121788",
        "amenity": "ferry_terminal",
        "ferry": "yes",
        "name": "Sütlüce Vapur İskelesi",
        "public_transport": "station"
      },
      "geometry": {
        "type": "Point",
        "coordinates": [
          28.9406879,
          41.0466672
        ]
      },
      "id": "node/3341121788"
    },
    {
      "type": "Feature",
      "properties": {
        "@id": "node/3457463792",
        "amenity": "ferry_terminal",
        "ferry": "yes",
        "name": "Eminönü",
        "name:en": "Eminonu",
        "operator": "Şehir Hatları",
        "public_transport": "stop_position"
      },
      "geometry": {
        "type": "Point",
        "coordinates": [
          28.974141,
          41.0179964
        ]
      },
      "id": "node/3457463792"
    },
    {
      "type": "Feature",
      "properties": {
        "@id": "node/3473426240",
        "amenity": "ferry_terminal",
        "ferry": "yes",
        "name": "Kanlıca",
        "public_transport": "station"
      },
      "geometry": {
        "type": "Point",
        "coordinates": [
          29.065224,
          41.1002818
        ]
      },
      "id": "node/3473426240"
    },
    {
      "type": "Feature",
      "properties": {
        "@id": "node/3749623162",
        "amenity": "ferry_terminal",
        "ferry": "yes",
        "public_transport": "station"
      },
      "geometry": {
        "type": "Point",
        "coordinates": [
          29.0106391,
          41.0104624
        ]
      },
      "id": "node/3749623162"
    },
    {
      "type": "Feature",
      "properties": {
        "@id": "node/3755456221",
        "name": "Levent",
        "network": "İstanbul Metrosu",
        "network:wikidata": "Q498172",
        "operator": "Metro İstanbul",
        "operator:wikidata": "Q344299",
        "public_transport": "station",
        "railway": "station",
        "station": "subway",
        "subway": "yes",
        "wheelchair": "limited",
        "wikidata": "Q20470914",
        "wikimedia_commons": "Category:Levent Transfer Center",
        "wikipedia": "en:Levent (Istanbul Metro)"
      },
      "geometry": {
        "type": "Point",
        "coordinates": [
          29.0144803,
          41.0758404
        ]
      },
      "id": "node/3755456221"
    },
    {
      "type": "Feature",
      "properties": {
        "@id": "node/3892496903",
        "name": "Vezneciler-İstanbul Üniversitesi",
        "name:ar": "فيزنيجيلار",
        "name:ru": "Везнеджилер",
        "network": "İstanbul Metrosu",
        "network:wikidata": "Q498172",
        "operator": "Metro İstanbul",
        "operator:wikidata": "Q344299",
        "public_transport": "station",
        "railway": "station",
        "station": "subway",
        "subway": "yes",
        "wheelchair": "yes",
        "wikidata": "Q18712611",
        "wikimedia_commons": "Category:Vezneciler Station",
        "wikipedia": "tr:Vezneciler-İstanbul Üniversitesi"
      },
      "geometry": {
        "type": "Point",
        "coordinates": [
          28.9597006,
          41.0122525
        ]
      },
      "id": "node/3892496903"
    },
    {
      "type": "Feature",
      "properties": {
        "@id": "node/3937514080",
        "addr:city": "İstanbul",
        "addr:district": "Beşiktaş",
        "addr:housenumber": "no:111",
        "addr:postcode": "34335",
        "addr:street": "Nispetiye Caddesi",
        "bus": "yes",
        "name": "Nispetiye",
        "network": "İstanbul Metrosu",
        "network:wikidata": "Q498172",
        "operator": "Metro İstanbul",
        "operator:wikidata": "Q344299",
        "public_transport": "station",
        "railway": "station",
        "station": "subway",
        "subway": "yes",
        "wheelchair": "yes",
        "wikidata": "Q47004404",
        "wikimedia_commons": "Category:Nispetiye Station",
        "wikipedia": "tr:Nispetiye (İstanbul Metrosu)"
      },
      "geometry": {
        "type": "Point",
        "coordinates": [
          29.0240046,
          41.0773859
        ]
      },
      "id": "node/3937514080"
    },
    {
      "type": "Feature",
      "properties": {
        "@id": "node/3937514082",
        "name": "Etiler",
        "network": "İstanbul Metrosu",
        "network:wikidata": "Q498172",
        "operator": "Metro İstanbul",
        "operator:wikidata": "Q344299",
        "public_transport": "station",
        "railway": "station",
        "station": "subway",
        "subway": "yes",
        "wheelchair": "yes",
        "wikidata": "Q47000639",
        "wikimedia_commons": "Category:Etiler Station",
        "wikipedia": "tr:Etiler (İstanbul metrosu)"
      },
      "geometry": {
        "type": "Point",
        "coordinates": [
          29.0375989,
          41.0824567
        ]
      },
      "id": "node/3937514082"
    },
    {
      "type": "Feature",
      "properties": {
        "@id": "node/4035806226",
        "amenity": "ferry_terminal",
        "ferry": "yes",
        "name": "Küçüksu",
        "network": "Boğaz Hattı",
        "operator": "Şehir Hatları",
        "public_transport": "station"
      },
      "geometry": {
        "type": "Point",
        "coordinates": [
          29.064886,
          41.0796726
        ]
      },
      "id": "node/4035806226"
    },
    {
      "type": "Feature",
      "properties": {
        "@id": "node/4040637476",
        "alt_name": "Büyükada",
        "amenity": "ferry_terminal",
        "ferry": "yes",
        "name": "Adalar",
        "name:ru": "Бююкада",
        "public_transport": "station"
      },
      "geometry": {
        "type": "Point",
        "coordinates": [
          29.1255631,
          40.8747256
        ]
      },
      "id": "node/4040637476"
    },
    {
      "type": "Feature",
      "properties": {
        "@id": "node/4040638096",
        "amenity": "ferry_terminal",
        "ferry": "yes",
        "name": "Kınalıada",
        "public_transport": "station"
      },
      "geometry": {
        "type": "Point",
        "coordinates": [
          29.0555272,
          40.9091454
        ]
      },
      "id": "node/4040638096"
    },
    {
      "type": "Feature",
      "properties": {
        "@id": "node/4161740638",
        "amenity": "ferry_terminal",
        "ferry": "yes",
        "name": "Üsküdar",
        "operator": "Turyol",
        "public_transport": "station",
        "website": "https://www.turyol.com/Home/Tarifeler"
      },
      "geometry": {
        "type": "Point",
        "coordinates": [
          29.0164034,
          41.0288624
        ]
      },
      "id": "node/4161740638"
    },
    {
      "type": "Feature",
      "properties": {
        "@id": "node/4161740644",
        "amenity": "ferry_terminal",
        "ferry": "yes",
        "name": "Üsküdar",
        "public_transport": "station",
        "source": "GPS;PGS"
      },
      "geometry": {
        "type": "Point",
        "coordinates": [
          29.0146967,
          41.0274852
        ]
      },
      "id": "node/4161740644"
    },
    {
      "type": "Feature",
      "properties": {
        "@id": "node/4162041569",
        "amenity": "ferry_terminal",
        "ferry": "yes",
        "name": "Kabataş",
        "name:ru": "Кабаташ",
        "operator": "Dentur Avrasya",
        "public_transport": "stop_position",
        "waterway:sign": "ferry"
      },
      "geometry": {
        "type": "Point",
        "coordinates": [
          28.9942453,
          41.0354562
        ]
      },
      "id": "node/4162041569"
    },
    {
      "type": "Feature",
      "properties": {
        "@id": "node/4173452696",
        "amenity": "ferry_terminal",
        "cargo": "passengers",
        "ferry": "yes",
        "name": "Kuzguncuk",
        "network": "Boğaz Hattı",
        "operator": "Şehir Hatları",
        "public_transport": "station"
      },
      "geometry": {
        "type": "Point",
        "coordinates": [
          29.0296138,
          41.0370419
        ]
      },
      "id": "node/4173452696"
    },
    {
      "type": "Feature",
      "properties": {
        "@id": "node/4213777340",
        "air_conditioning": "yes",
        "baby_feeding": "room",
        "changing_table": "yes",
        "name": "Ünalan",
        "network": "İstanbul Metrosu",
        "network:wikidata": "Q498172",
        "opening_hours": "Mo-Fr 06:00-24:00; Sa-Su 00:00-24:00",
        "operator": "Metro İstanbul",
        "operator:wikidata": "Q344299",
        "public_transport": "station",
        "railway": "station",
        "start_date": "2012-08-17",
        "station": "subway",
        "subway": "yes",
        "toilets": "yes",
        "toilets:wheelchair": "yes",
        "wheelchair": "yes",
        "wikidata": "Q46642861",
        "wikimedia_commons": "Category:Ünalan Station",
        "wikipedia": "tr:Ünalan (İstanbul Metrosu)"
      },
      "geometry": {
        "type": "Point",
        "coordinates": [
          29.0600259,
          40.9980939
        ]
      },
      "id": "node/4213777340"
    },
    {
      "type": "Feature",
      "properties": {
        "@id": "node/4213777682",
        "name": "Gayrettepe",
        "network": "M11",
        "operator": "TCDD Taşımacılık A.Ş.",
        "public_transport": "station",
        "railway": "station",
        "station": "subway",
        "subway": "yes",
        "wheelchair": "yes",
        "wikidata": "Q113560015",
        "wikimedia_commons": "Category:Gayrettepe (M11) Station",
        "wikipedia": "tr:Gayrettepe (M11, İstanbul Metrosu)"
      },
      "geometry": {
        "type": "Point",
        "coordinates": [
          29.0114819,
          41.0663376
        ]
      },
      "id": "node/4213777682"
    },
    {
      "type": "Feature",
      "properties": {
        "@id": "node/4239216992",
        "amenity": "ferry_terminal",
        "ferry": "yes",
        "public_transport": "station"
      },
      "geometry": {
        "type": "Point",
        "coordinates": [
          29.2363615,
          40.8746122
        ]
      },
      "id": "node/4239216992"
    },
    {
      "type": "Feature",
      "properties": {
        "@id": "node/4283925801",
        "name": "Mehmet Akif",
        "public_transport": "stop_position",
        "railway": "tram_stop",
        "tram": "yes",
        "wheelchair": "limited"
      },
      "geometry": {
        "type": "Point",
        "coordinates": [
          28.8816928,
          41.0058363
        ]
      },
      "id": "node/4283925801"
    },
    {
      "type": "Feature",
      "properties": {
        "@id": "node/4304511881",
        "air_conditioning": "yes",
        "baby_feeding": "room",
        "changing_table": "yes",
        "internet_access": "yes",
        "name": "Yeni Mahalle",
        "network": "İstanbul Metrosu",
        "network:wikidata": "Q498172",
        "opening_hours": "Mo-Su 06:00-24:00",
        "operator": "Metro İstanbul",
        "operator:wikidata": "Q344299",
        "public_transport": "station",
        "railway": "station",
        "start_date": "2013-06-14",
        "station": "subway",
        "subway": "yes",
        "toilets": "yes",
        "toilets:wheelchair": "yes",
        "wheelchair": "yes",
        "wikidata": "Q48803905",
        "wikipedia": "tr:Yenimahalle (M3, İstanbul Metrosu)"
      },
      "geometry": {
        "type": "Point",
        "coordinates": [
          28.8359881,
          41.0404044
        ]
      },
      "id": "node/4304511881"
    },
    {
      "type": "Feature",
      "properties": {
        "@id": "node/4304536080",
        "air_conditioning": "yes",
        "baby_feeding": "room",
        "changing_table": "yes",
        "internet_access": "yes",
        "name": "Turgut Özal",
        "network": "İstanbul Metrosu",
        "network:wikidata": "Q498172",
        "opening_hours": "Mo-Su 06:00-24:00",
        "operator": "Metro İstanbul",
        "operator:wikidata": "Q344299",
        "public_transport": "station",
        "railway": "station",
        "start_date": "2013-06-14",
        "station": "subway",
        "subway": "yes",
        "toilets": "yes",
        "toilets:wheelchair": "yes",
        "wheelchair": "yes",
        "wikidata": "Q18788006",
        "wikimedia_commons": "Category:Turgut Özal Station",
        "wikipedia": "tr:Turgut Özal (İstanbul Metrosu)"
      },
      "geometry": {
        "type": "Point",
        "coordinates": [
          28.7975395,
          41.0812047
        ]
      },
      "id": "node/4304536080"
    },
    {
      "type": "Feature",
      "properties": {
        "@id": "node/4304536085",
        "air_conditioning": "yes",
        "baby_feeding": "room",
        "changing_table": "yes",
        "internet_access": "yes",
        "name": "Siteler",
        "network": "İstanbul Metrosu",
        "network:wikidata": "Q498172",
        "opening_hours": "Mo-Su 06:00-24:00",
        "operator": "Metro İstanbul",
        "operator:wikidata": "Q344299",
        "public_transport": "station",
        "railway": "station",
        "start_date": "2013-06-14",
        "station": "subway",
        "subway": "yes",
        "toilets": "yes",
        "toilets:wheelchair": "yes",
        "wheelchair": "yes",
        "wikidata": "Q18787931",
        "wikimedia_commons": "Category:Siteler Station",
        "wikipedia": "tr:Siteler (İstanbul Metrosu)"
      },
      "geometry": {
        "type": "Point",
        "coordinates": [
          28.7965629,
          41.0882324
        ]
      },
      "id": "node/4304536085"
    },
    {
      "type": "Feature",
      "properties": {
        "@id": "node/4439882732",
        "air_conditioning": "yes",
        "baby_feeding": "room",
        "changing_table": "yes",
        "name": "Pendik",
        "network": "İstanbul Metrosu",
        "network:wikidata": "Q498172",
        "opening_hours": "Mo-Fr 06:00-24:00; Sa-Su 00:00-24:00",
        "operator": "Metro İstanbul",
        "operator:wikidata": "Q344299",
        "public_transport": "station",
        "railway": "station",
        "start_date": "2016-10-10",
        "station": "subway",
        "subway": "yes",
        "toilets": "yes",
        "toilets:wheelchair": "yes",
        "wheelchair": "yes",
        "wikidata": "Q46803671",
        "wikimedia_commons": "Category:Pendik Station",
        "wikipedia": "tr:Pendik (İstanbul Metrosu)"
      },
      "geometry": {
        "type": "Point",
        "coordinates": [
          29.238581,
          40.8886547
        ]
      },
      "id": "node/4439882732"
    },
    {
      "type": "Feature",
      "properties": {
        "@id": "node/4440049391",
        "air_conditioning": "yes",
        "baby_feeding": "room",
        "changing_table": "yes",
        "name": "Tavşantepe",
        "network": "İstanbul Metrosu",
        "network:wikidata": "Q498172",
        "opening_hours": "Mo-Fr 06:00-24:00; Sa-Su 00:00-24:00",
        "operator": "Metro İstanbul",
        "operator:wikidata": "Q344299",
        "public_transport": "station",
        "railway": "station",
        "start_date": "2016-10-10",
        "station": "subway",
        "subway": "yes",
        "toilets": "yes",
        "toilets:wheelchair": "yes",
        "wheelchair": "yes",
        "wikidata": "Q46804700",
        "wikimedia_commons": "Category:Tavşantepe Station",
        "wikipedia": "tr:Tavşantepe (İstanbul Metrosu)"
      },
      "geometry": {
        "type": "Point",
        "coordinates": [
          29.2488342,
          40.882159
        ]
      },
      "id": "node/4440049391"
    },
    {
      "type": "Feature",
      "properties": {
        "@id": "node/4442132431",
        "air_conditioning": "yes",
        "baby_feeding": "room",
        "changing_table": "yes",
        "name": "Yakacık—Adnan Kahveci",
        "network": "İstanbul Metrosu",
        "network:wikidata": "Q498172",
        "opening_hours": "Mo-Fr 06:00-24:00; Sa-Su 00:00-24:00",
        "operator": "Metro İstanbul",
        "operator:wikidata": "Q344299",
        "public_transport": "station",
        "railway": "station",
        "start_date": "2016-10-10",
        "station": "subway",
        "subway": "yes",
        "toilets": "yes",
        "toilets:wheelchair": "yes",
        "wheelchair": "yes",
        "wikidata": "Q46792245",
        "wikimedia_commons": "Category:Yakacık - Adnan Kahveci Station",
        "wikipedia": "tr:Yakacık-Adnan Kahveci"
      },
      "geometry": {
        "type": "Point",
        "coordinates": [
          29.2271263,
          40.8966262
        ]
      },
      "id": "node/4442132431"
    },
    {
      "type": "Feature",
      "properties": {
        "@id": "node/4485971490",
        "name": "Fındıkzade",
        "name:ru": "Фындыкзаде",
        "name:tr": "Fındıkzade",
        "public_transport": "stop_position",
        "railway": "tram_stop",
        "tram": "yes"
      },
      "geometry": {
        "type": "Point",
        "coordinates": [
          28.9404121,
          41.0117715
        ]
      },
      "id": "node/4485971490"
    },
    {
      "type": "Feature",
      "properties": {
        "@id": "node/4746279723",
        "amenity": "ferry_terminal",
        "ferry": "yes",
        "name": "Büyükada",
        "name:en": "buyukada",
        "name:ru": "Бююкада",
        "public_transport": "station"
      },
      "geometry": {
        "type": "Point",
        "coordinates": [
          29.1275232,
          40.8744993
        ]
      },
      "id": "node/4746279723"
    },
    {
      "type": "Feature",
      "properties": {
        "@id": "node/4776796386",
        "name": "Beyazıt - Kapalı Çarşı",
        "name:en": "Beyazit - Kapali Carsi/Grand Bazaar",
        "public_transport": "stop_position",
        "railway": "tram_stop",
        "tram": "yes",
        "wheelchair": "yes"
      },
      "geometry": {
        "type": "Point",
        "coordinates": [
          28.9666193,
          41.0090079
        ]
      },
      "id": "node/4776796386"
    },
    {
      "type": "Feature",
      "properties": {
        "@id": "node/4776796389",
        "name": "Beyazıt - Kapalı Çarşı",
        "public_transport": "stop_position",
        "railway": "tram_stop",
        "tram": "yes"
      },
      "geometry": {
        "type": "Point",
        "coordinates": [
          28.9666458,
          41.0090852
        ]
      },
      "id": "node/4776796389"
    },
    {
      "type": "Feature",
      "properties": {
        "@id": "node/4776796390",
        "name": "Beyazıt - Kapalı Çarşı",
        "public_transport": "stop_position",
        "railway": "tram_stop",
        "tram": "yes",
        "wheelchair": "yes"
      },
      "geometry": {
        "type": "Point",
        "coordinates": [
          28.9666385,
          41.0090594
        ]
      },
      "id": "node/4776796390"
    },
    {
      "type": "Feature",
      "properties": {
        "@id": "node/4902903372",
        "amenity": "ferry_terminal",
        "ferry": "yes",
        "motor_vehicle": "yes",
        "motorcar": "yes",
        "name": "Çubuklu",
        "operator": "Şehir Hatları",
        "public_transport": "station"
      },
      "geometry": {
        "type": "Point",
        "coordinates": [
          29.0818948,
          41.1085186
        ]
      },
      "id": "node/4902903372"
    },
    {
      "type": "Feature",
      "properties": {
        "@id": "node/4958513655",
        "name": "Cebeci",
        "public_transport": "stop_position",
        "railway": "tram_stop",
        "tram": "yes"
      },
      "geometry": {
        "type": "Point",
        "coordinates": [
          28.858,
          41.111554
        ]
      },
      "id": "node/4958513655"
    },
    {
      "type": "Feature",
      "properties": {
        "@id": "node/4958513678",
        "name": "Mescid-i Selam",
        "public_transport": "stop_position",
        "railway": "tram_stop",
        "tram": "yes",
        "wheelchair": "limited"
      },
      "geometry": {
        "type": "Point",
        "coordinates": [
          28.8511412,
          41.1162428
        ]
      },
      "id": "node/4958513678"
    },
    {
      "type": "Feature",
      "properties": {
        "@id": "node/4958551940",
        "name": "Cebeci",
        "public_transport": "stop_position",
        "railway": "tram_stop",
        "tram": "yes"
      },
      "geometry": {
        "type": "Point",
        "coordinates": [
          28.8575196,
          41.1124107
        ]
      },
      "id": "node/4958551940"
    },
    {
      "type": "Feature",
      "properties": {
        "@id": "node/4958557322",
        "name": "Sultançiftliği",
        "public_transport": "stop_position",
        "railway": "tram_stop",
        "tram": "yes"
      },
      "geometry": {
        "type": "Point",
        "coordinates": [
          28.8608215,
          41.1057675
        ]
      },
      "id": "node/4958557322"
    },
    {
      "type": "Feature",
      "properties": {
        "@id": "node/4958557323",
        "name": "Sultançiftliği",
        "public_transport": "stop_position",
        "railway": "tram_stop",
        "tram": "yes"
      },
      "geometry": {
        "type": "Point",
        "coordinates": [
          28.8602567,
          41.1068186
        ]
      },
      "id": "node/4958557323"
    },
    {
      "type": "Feature",
      "properties": {
        "@id": "node/4958566318",
        "name": "Yeni Mahalle",
        "public_transport": "stop_position",
        "railway": "tram_stop",
        "tram": "yes"
      },
      "geometry": {
        "type": "Point",
        "coordinates": [
          28.8630169,
          41.0993241
        ]
      },
      "id": "node/4958566318"
    },
    {
      "type": "Feature",
      "properties": {
        "@id": "node/4958566319",
        "name": "Yeni Mahalle",
        "public_transport": "stop_position",
        "railway": "tram_stop",
        "tram": "yes"
      },
      "geometry": {
        "type": "Point",
        "coordinates": [
          28.8628946,
          41.1002839
        ]
      },
      "id": "node/4958566319"
    },
    {
      "type": "Feature",
      "properties": {
        "@id": "node/4958570003",
        "name": "Hacı Şükrü",
        "public_transport": "stop_position",
        "railway": "tram_stop",
        "tram": "yes"
      },
      "geometry": {
        "type": "Point",
        "coordinates": [
          28.8641293,
          41.0923097
        ]
      },
      "id": "node/4958570003"
    },
    {
      "type": "Feature",
      "properties": {
        "@id": "node/4958570004",
        "name": "Hacı Şükrü",
        "public_transport": "stop_position",
        "railway": "tram_stop",
        "tram": "yes",
        "wheelchair": "yes"
      },
      "geometry": {
        "type": "Point",
        "coordinates": [
          28.8638623,
          41.0933385
        ]
      },
      "id": "node/4958570004"
    },
    {
      "type": "Feature",
      "properties": {
        "@id": "node/4958580158",
        "name": "50. Yıl-Baştabya",
        "public_transport": "stop_position",
        "railway": "tram_stop",
        "tram": "yes"
      },
      "geometry": {
        "type": "Point",
        "coordinates": [
          28.8669521,
          41.0878266
        ]
      },
      "id": "node/4958580158"
    },
    {
      "type": "Feature",
      "properties": {
        "@id": "node/4958580159",
        "name": "50. Yıl-Baştabya",
        "public_transport": "stop_position",
        "railway": "tram_stop",
        "tram": "yes"
      },
      "geometry": {
        "type": "Point",
        "coordinates": [
          28.8669014,
          41.087787
        ]
      },
      "id": "node/4958580159"
    },
    {
      "type": "Feature",
      "properties": {
        "@id": "node/4958585469",
        "access:disabled": "no",
        "internet_access": "no",
        "light_rail": "yes",
        "name": "Cumhuriyet Mahallesi",
        "network": "T4",
        "operator": "Metro İstanbul",
        "public_transport": "stop_position",
        "railway": "tram_stop",
        "station": "light_rail",
        "tram": "yes",
        "wheelchair": "no"
      },
      "geometry": {
        "type": "Point",
        "coordinates": [
          28.8724297,
          41.0837323
        ]
      },
      "id": "node/4958585469"
    },
    {
      "type": "Feature",
      "properties": {
        "@id": "node/4958585470",
        "name": "Cumhuriyet Mahallesi",
        "public_transport": "stop_position",
        "railway": "tram_stop",
        "tram": "yes",
        "wheelchair": "no"
      },
      "geometry": {
        "type": "Point",
        "coordinates": [
          28.8715664,
          41.0845661
        ]
      },
      "id": "node/4958585470"
    },
    {
      "type": "Feature",
      "properties": {
        "@id": "node/4958585476",
        "name": "KİPTAŞ Venezia",
        "public_transport": "stop_position",
        "railway": "tram_stop",
        "tram": "yes"
      },
      "geometry": {
        "type": "Point",
        "coordinates": [
          28.8745733,
          41.0812918
        ]
      },
      "id": "node/4958585476"
    },
    {
      "type": "Feature",
      "properties": {
        "@id": "node/4958599423",
        "name": "Bosna-Çukurçeşme",
        "public_transport": "stop_position",
        "railway": "tram_stop",
        "tram": "yes"
      },
      "geometry": {
        "type": "Point",
        "coordinates": [
          28.9020548,
          41.0618015
        ]
      },
      "id": "node/4958599423"
    },
    {
      "type": "Feature",
      "properties": {
        "@id": "node/4958599424",
        "name": "Bosna-Çukurçeşme",
        "public_transport": "stop_position",
        "railway": "tram_stop",
        "tram": "yes",
        "wheelchair": "yes"
      },
      "geometry": {
        "type": "Point",
        "coordinates": [
          28.9021462,
          41.0618161
        ]
      },
      "id": "node/4958599424"
    },
    {
      "type": "Feature",
      "properties": {
        "@id": "node/4958603844",
        "name": "Sağmalcılar",
        "public_transport": "stop_position",
        "railway": "tram_stop",
        "tram": "yes",
        "wheelchair": "yes"
      },
      "geometry": {
        "type": "Point",
        "coordinates": [
          28.9067738,
          41.057372
        ]
      },
      "id": "node/4958603844"
    },
    {
      "type": "Feature",
      "properties": {
        "@id": "node/4958615808",
        "name": "Demirkapı",
        "public_transport": "stop_position",
        "railway": "tram_stop",
        "tram": "yes"
      },
      "geometry": {
        "type": "Point",
        "coordinates": [
          28.9233484,
          41.0369846
        ]
      },
      "id": "node/4958615808"
    },
    {
      "type": "Feature",
      "properties": {
        "@id": "node/4958622247",
        "name": "Şehitlik",
        "public_transport": "stop_position",
        "railway": "tram_stop",
        "tram": "yes"
      },
      "geometry": {
        "type": "Point",
        "coordinates": [
          28.9282944,
          41.0341412
        ]
      },
      "id": "node/4958622247"
    },
    {
      "type": "Feature",
      "properties": {
        "@id": "node/4958630198",
        "name": "Edirnekapı",
        "public_transport": "stop_position",
        "railway": "tram_stop",
        "tram": "yes"
      },
      "geometry": {
        "type": "Point",
        "coordinates": [
          28.9340531,
          41.0313088
        ]
      },
      "id": "node/4958630198"
    },
    {
      "type": "Feature",
      "properties": {
        "@id": "node/4958640121",
        "name": "Vatan",
        "public_transport": "stop_position",
        "railway": "tram_stop",
        "tram": "yes",
        "wheelchair": "yes"
      },
      "geometry": {
        "type": "Point",
        "coordinates": [
          28.9292392,
          41.0255685
        ]
      },
      "id": "node/4958640121"
    },
    {
      "type": "Feature",
      "properties": {
        "@id": "node/4958646884",
        "name": "Topkapı",
        "public_transport": "stop_position",
        "railway": "tram_stop",
        "tram": "yes"
      },
      "geometry": {
        "type": "Point",
        "coordinates": [
          28.9205647,
          41.0197546
        ]
      },
      "id": "node/4958646884"
    },
    {
      "type": "Feature",
      "properties": {
        "@id": "node/4958646885",
        "name": "Topkapı",
        "public_transport": "stop_position",
        "railway": "tram_stop",
        "tram": "yes"
      },
      "geometry": {
        "type": "Point",
        "coordinates": [
          28.9205779,
          41.0196904
        ]
      },
      "id": "node/4958646885"
    },
    {
      "type": "Feature",
      "properties": {
        "@id": "node/4958658835",
        "name": "Rami",
        "public_transport": "stop_position",
        "railway": "tram_stop",
        "tram": "yes"
      },
      "geometry": {
        "type": "Point",
        "coordinates": [
          28.9155264,
          41.0465704
        ]
      },
      "id": "node/4958658835"
    },
    {
      "type": "Feature",
      "properties": {
        "@id": "node/4958658863",
        "name": "Rami",
        "public_transport": "stop_position",
        "railway": "tram_stop",
        "tram": "yes"
      },
      "geometry": {
        "type": "Point",
        "coordinates": [
          28.9156112,
          41.0465961
        ]
      },
      "id": "node/4958658863"
    },
    {
      "type": "Feature",
      "properties": {
        "@id": "node/4958663890",
        "name": "Topçular",
        "public_transport": "stop_position",
        "railway": "tram_stop",
        "tram": "yes"
      },
      "geometry": {
        "type": "Point",
        "coordinates": [
          28.9195597,
          41.0416372
        ]
      },
      "id": "node/4958663890"
    },
    {
      "type": "Feature",
      "properties": {
        "@id": "node/4958663891",
        "name": "Topçular",
        "public_transport": "stop_position",
        "railway": "tram_stop",
        "tram": "yes"
      },
      "geometry": {
        "type": "Point",
        "coordinates": [
          28.9195261,
          41.0416106
        ]
      },
      "id": "node/4958663891"
    },
    {
      "type": "Feature",
      "properties": {
        "@id": "node/4958672020",
        "name": "Uluyol-Bereç",
        "public_transport": "stop_position",
        "railway": "tram_stop",
        "tram": "yes"
      },
      "geometry": {
        "type": "Point",
        "coordinates": [
          28.9102896,
          41.0541314
        ]
      },
      "id": "node/4958672020"
    },
    {
      "type": "Feature",
      "properties": {
        "@id": "node/4958673321",
        "name": "Uluyol-Bereç",
        "public_transport": "stop_position",
        "railway": "tram_stop",
        "tram": "yes"
      },
      "geometry": {
        "type": "Point",
        "coordinates": [
          28.9102178,
          41.0541152
        ]
      },
      "id": "node/4958673321"
    },
    {
      "type": "Feature",
      "properties": {
        "@id": "node/4958683733",
        "name": "Ali Fuat Başgil",
        "public_transport": "stop_position",
        "railway": "tram_stop",
        "tram": "yes"
      },
      "geometry": {
        "type": "Point",
        "coordinates": [
          28.8956044,
          41.0684467
        ]
      },
      "id": "node/4958683733"
    },
    {
      "type": "Feature",
      "properties": {
        "@id": "node/4958683734",
        "name": "Ali Fuat Başgil",
        "public_transport": "stop_position",
        "railway": "tram_stop",
        "tram": "yes"
      },
      "geometry": {
        "type": "Point",
        "coordinates": [
          28.8956653,
          41.0684906
        ]
      },
      "id": "node/4958683734"
    },
    {
      "type": "Feature",
      "properties": {
        "@id": "node/4958685789",
        "name": "Taşköprü",
        "public_transport": "stop_position",
        "railway": "tram_stop",
        "tram": "yes"
      },
      "geometry": {
        "type": "Point",
        "coordinates": [
          28.8877129,
          41.0725735
        ]
      },
      "id": "node/4958685789"
    },
    {
      "type": "Feature",
      "properties": {
        "@id": "node/4958685790",
        "name": "Taşköprü",
        "public_transport": "stop_position",
        "railway": "tram_stop",
        "tram": "yes"
      },
      "geometry": {
        "type": "Point",
        "coordinates": [
          28.887741,
          41.0726115
        ]
      },
      "id": "node/4958685790"
    },
    {
      "type": "Feature",
      "properties": {
        "@id": "node/4958685944",
        "name": "Karadeniz",
        "public_transport": "stop_position",
        "railway": "tram_stop",
        "tram": "yes"
      },
      "geometry": {
        "type": "Point",
        "coordinates": [
          28.8824304,
          41.0751817
        ]
      },
      "id": "node/4958685944"
    },
    {
      "type": "Feature",
      "properties": {
        "@id": "node/4958685945",
        "name": "Karadeniz",
        "public_transport": "stop_position",
        "railway": "tram_stop",
        "tram": "yes"
      },
      "geometry": {
        "type": "Point",
        "coordinates": [
          28.8824928,
          41.0752328
        ]
      },
      "id": "node/4958685945"
    },
    {
      "type": "Feature",
      "properties": {
        "@id": "node/4958787835",
        "name": "Zeytinburnu",
        "public_transport": "stop_position",
        "railway": "tram_stop",
        "tram": "yes"
      },
      "geometry": {
        "type": "Point",
        "coordinates": [
          28.8901929,
          41.0014561
        ]
      },
      "id": "node/4958787835"
    },
    {
      "type": "Feature",
      "properties": {
        "@id": "node/5084106192",
        "name": "Tersane",
        "network": "Marmaray",
        "network:wikidata": "Q497844",
        "operator": "TCDD Taşımacılık",
        "operator:wikidata": "Q28220824",
        "public_transport": "station",
        "railway": "station",
        "train": "yes",
        "wheelchair": "yes",
        "wikidata": "Q58814868",
        "wikimedia_commons": "Category:Tersane railway station",
        "wikipedia": "tr:Tersane Tren İstasyonu"
      },
      "geometry": {
        "type": "Point",
        "coordinates": [
          29.2732939,
          40.8611643
        ]
      },
      "id": "node/5084106192"
    },
    {
      "type": "Feature",
      "properties": {
        "@id": "node/5084119890",
        "name": "Güzelyalı",
        "network": "Marmaray",
        "network:wikidata": "Q497844",
        "operator": "TCDD Taşımacılık",
        "operator:wikidata": "Q28220824",
        "public_transport": "station",
        "railway": "station",
        "train": "yes",
        "wheelchair": "yes",
        "wikidata": "Q58814865",
        "wikimedia_commons": "Category:Güzelyalı railway station",
        "wikipedia": "tr:Güzelyalı Tren İstasyonu"
      },
      "geometry": {
        "type": "Point",
        "coordinates": [
          29.2836051,
          40.8568284
        ]
      },
      "id": "node/5084119890"
    },
    {
      "type": "Feature",
      "properties": {
        "@id": "node/5084128493",
        "name": "Aydıntepe",
        "network": "Marmaray",
        "network:wikidata": "Q497844",
        "operator": "TCDD Taşımacılık",
        "operator:wikidata": "Q28220824",
        "public_transport": "station",
        "railway": "station",
        "train": "yes",
        "wikidata": "Q55604581",
        "wikimedia_commons": "Category:Aydıntepe railway station",
        "wikipedia": "tr:Aydıntepe Tren İstasyonu"
      },
      "geometry": {
        "type": "Point",
        "coordinates": [
          29.2931959,
          40.8522949
        ]
      },
      "id": "node/5084128493"
    },
    {
      "type": "Feature",
      "properties": {
        "@id": "node/5084138614",
        "name": "İçmeler",
        "network": "Marmaray",
        "network:wikidata": "Q497844",
        "operator": "TCDD Taşımacılık",
        "operator:wikidata": "Q28220824",
        "public_transport": "station",
        "railway": "station",
        "train": "yes",
        "wikidata": "Q111807904",
        "wikimedia_commons": "File:İçmeler Tren İstasyonu.jpg",
        "wikipedia": "tr:İçmeler/Tuzla Belediyesi (İstanbul metrosu)"
      },
      "geometry": {
        "type": "Point",
        "coordinates": [
          29.3000382,
          40.8456867
        ]
      },
      "id": "node/5084138614"
    },
    {
      "type": "Feature",
      "properties": {
        "@id": "node/5084154170",
        "name": "Tuzla",
        "network": "Marmaray",
        "network:wikidata": "Q497844",
        "operator": "TCDD Taşımacılık",
        "operator:wikidata": "Q28220824",
        "public_transport": "station",
        "railway": "station",
        "train": "yes",
        "wikidata": "Q43398837",
        "wikimedia_commons": "Category:Tuzla railway station",
        "wikipedia": "tr:Tuzla Tren İstasyonu"
      },
      "geometry": {
        "type": "Point",
        "coordinates": [
          29.3224266,
          40.8299498
        ]
      },
      "id": "node/5084154170"
    },
    {
      "type": "Feature",
      "properties": {
        "@id": "node/5085864847",
        "name": "Çayırova",
        "public_transport": "station",
        "railway": "station",
        "train": "yes",
        "wikidata": "Q25345198",
        "wikimedia_commons": "Category:Çayırova railway station",
        "wikipedia": "tr:Çayırova Tren İstasyonu"
      },
      "geometry": {
        "type": "Point",
        "coordinates": [
          29.3473731,
          40.8105337
        ]
      },
      "id": "node/5085864847"
    },
    {
      "type": "Feature",
      "properties": {
        "@id": "node/5085864850",
        "name": "GTÜ-Fatih",
        "public_transport": "station",
        "railway": "station",
        "train": "yes",
        "wikidata": "Q25345197",
        "wikimedia_commons": "Category:Gebze Teknik Üniversitesi - Fatih railway station",
        "wikipedia": "tr:GTÜ - Fatih Tren İstasyonu"
      },
      "geometry": {
        "type": "Point",
        "coordinates": [
          29.3640227,
          40.8076023
        ]
      },
      "id": "node/5085864850"
    },
    {
      "type": "Feature",
      "properties": {
        "@id": "node/5110916127",
        "amenity": "ferry_terminal",
        "ferry": "yes",
        "name": "Eminönü",
        "name:en": "Eminönü",
        "official_name": "Galata(Eminönü 4) İskelesi",
        "operator": "Şehir Hatları",
        "public_transport": "stop_position"
      },
      "geometry": {
        "type": "Point",
        "coordinates": [
          28.973161,
          41.0183472
        ]
      },
      "id": "node/5110916127"
    },
    {
      "type": "Feature",
      "properties": {
        "@id": "node/5111529904",
        "amenity": "ferry_terminal",
        "cargo": "passengers",
        "ferry": "yes",
        "name": "Çengelköy İskelesi",
        "public_transport": "station"
      },
      "geometry": {
        "type": "Point",
        "coordinates": [
          29.0514125,
          41.0509857
        ]
      },
      "id": "node/5111529904"
    },
    {
      "type": "Feature",
      "properties": {
        "@id": "node/5111529918",
        "amenity": "ferry_terminal",
        "ferry": "yes",
        "name": "Çubuklu",
        "public_transport": "station"
      },
      "geometry": {
        "type": "Point",
        "coordinates": [
          29.0804463,
          41.1075633
        ]
      },
      "id": "node/5111529918"
    },
    {
      "type": "Feature",
      "properties": {
        "@id": "node/5218796192",
        "name": "Levent",
        "network": "İstanbul Metrosu",
        "network:wikidata": "Q498172",
        "operator": "Metro İstanbul",
        "operator:wikidata": "Q344299",
        "public_transport": "station",
        "railway": "station",
        "station": "subway",
        "subway": "yes",
        "wheelchair": "no",
        "wikidata": "Q20470914",
        "wikimedia_commons": "Category:Levent Transfer Center",
        "wikipedia": "tr:Levent (M2, İstanbul Metrosu)"
      },
      "geometry": {
        "type": "Point",
        "coordinates": [
          29.0137913,
          41.0768932
        ]
      },
      "id": "node/5218796192"
    },
    {
      "type": "Feature",
      "properties": {
        "@id": "node/5272471218",
        "internet_access:fee": "no",
        "name": "Bostancı",
        "network": "Türkiye Cumhuriyeti Devlet Demiryolları",
        "network:short": "TCDD",
        "network:wikidata": "Q499967",
        "operator": "TCDD Taşımacılık",
        "operator:wikidata": "Q28220824",
        "public_transport": "station",
        "railway": "station",
        "train": "yes",
        "wheelchair": "yes",
        "wikidata": "Q4947652",
        "wikimedia_commons": "Category:Bostancı railway station",
        "wikipedia": "en:Bostancı railway station"
      },
      "geometry": {
        "type": "Point",
        "coordinates": [
          29.094902,
          40.9539323
        ]
      },
      "id": "node/5272471218"
    },
    {
      "type": "Feature",
      "properties": {
        "@id": "node/5286349755",
        "air_conditioning": "yes",
        "baby_feeding": "room",
        "changing_table": "yes",
        "name": "Yamanevler",
        "network": "İstanbul Metrosu",
        "network:wikidata": "Q498172",
        "opening_hours": "Mo-Fr 06:00-24:00; Sa-Su 00:00-24:00",
        "operator": "Metro İstanbul",
        "operator:wikidata": "Q344299",
        "public_transport": "station",
        "railway": "station",
        "start_date": "2017-12-15",
        "station": "subway",
        "subway": "yes",
        "toilets": "yes",
        "toilets:wheelchair": "yes",
        "wheelchair": "yes",
        "wikidata": "Q46618973",
        "wikimedia_commons": "Category:Yamanevler Station",
        "wikipedia": "tr:Yamanevler (İstanbul Metrosu)"
      },
      "geometry": {
        "type": "Point",
        "coordinates": [
          29.1087471,
          41.0242009
        ]
      },
      "id": "node/5286349755"
    },
    {
      "type": "Feature",
      "properties": {
        "@id": "node/5286349759",
        "air_conditioning": "yes",
        "baby_feeding": "room",
        "changing_table": "yes",
        "name": "Kısıklı",
        "network": "İstanbul Metrosu",
        "network:wikidata": "Q498172",
        "opening_hours": "Mo-Fr 06:00-24:00; Sa-Su 00:00-24:00",
        "operator": "Metro İstanbul",
        "operator:wikidata": "Q344299",
        "public_transport": "station",
        "railway": "station",
        "start_date": "2017-12-15",
        "station": "subway",
        "subway": "yes",
        "toilets": "yes",
        "toilets:wheelchair": "yes",
        "wheelchair": "yes",
        "wikidata": "Q46603453",
        "wikimedia_commons": "Category:Kısıklı Station",
        "wikipedia": "tr:Kısıklı (İstanbul Metrosu)"
      },
      "geometry": {
        "type": "Point",
        "coordinates": [
          29.0620794,
          41.0221852
        ]
      },
      "id": "node/5286349759"
    },
    {
      "type": "Feature",
      "properties": {
        "@id": "node/5286349760",
        "air_conditioning": "yes",
        "baby_feeding": "room",
        "bench": "yes",
        "bin": "yes",
        "changing_table": "yes",
        "highway": "bus_stop",
        "lit": "yes",
        "name": "Altunizade",
        "network": "İstanbul Metrosu",
        "network:wikidata": "Q498172",
        "opening_hours": "Mo-Fr 06:00-24:00; Sa-Su 00:00-24:00",
        "operator": "Metro İstanbul",
        "operator:wikidata": "Q344299",
        "public_transport": "station",
        "public_transport:version": "2",
        "railway": "station",
        "ref": "M5",
        "shelter": "yes",
        "start_date": "2017-12-15",
        "station": "subway",
        "subway": "yes",
        "toilets": "yes",
        "toilets:wheelchair": "yes",
        "wheelchair": "yes",
        "wikidata": "Q46602031",
        "wikimedia_commons": "Category:Altunizade_(M5)_Station",
        "wikipedia": "tr:Altunizade (İstanbul Metrosu)"
      },
      "geometry": {
        "type": "Point",
        "coordinates": [
          29.0483118,
          41.021911
        ]
      },
      "id": "node/5286349760"
    },
    {
      "type": "Feature",
      "properties": {
        "@id": "node/5286349761",
        "air_conditioning": "yes",
        "baby_feeding": "room",
        "changing_table": "yes",
        "name": "Bağlarbaşı",
        "network": "İstanbul Metrosu",
        "network:wikidata": "Q498172",
        "opening_hours": "Mo-Fr 06:00-24:00; Sa-Su 00:00-24:00",
        "operator": "Metro İstanbul",
        "operator:wikidata": "Q344299",
        "public_transport": "station",
        "railway": "station",
        "start_date": "2017-12-15",
        "station": "subway",
        "subway": "yes",
        "toilets": "yes",
        "toilets:wheelchair": "yes",
        "wheelchair": "yes",
        "wikidata": "Q46601103",
        "wikimedia_commons": "Category:Bağlarbaşı Station",
        "wikipedia": "tr:Bağlarbaşı (İstanbul Metrosu)"
      },
      "geometry": {
        "type": "Point",
        "coordinates": [
          29.0368747,
          41.0214561
        ]
      },
      "id": "node/5286349761"
    },
    {
      "type": "Feature",
      "properties": {
        "@id": "node/5298185983",
        "addr:city": "İstanbul",
        "addr:district": "Kadıköy",
        "addr:neighbourhood": "Suadiye Mahallesi",
        "addr:postcode": "34740",
        "internet_access:fee": "no",
        "name": "Suadiye",
        "network": "Marmaray",
        "network:wikidata": "Q497844",
        "operator": "TCDD Taşımacılık",
        "operator:wikidata": "Q28220824",
        "public_transport": "station",
        "railway": "station",
        "train": "yes",
        "wheelchair": "yes",
        "wikidata": "Q48989341",
        "wikimedia_commons": "Category:Suadiye railway station",
        "wikipedia": "en:Suadiye railway station"
      },
      "geometry": {
        "type": "Point",
        "coordinates": [
          29.0844121,
          40.9604766
        ]
      },
      "id": "node/5298185983"
    },
    {
      "type": "Feature",
      "properties": {
        "@id": "node/5442551070",
        "ele": "-56",
        "name": "Üsküdar",
        "network": "Marmaray",
        "network:wikidata": "Q497844",
        "operator": "TCDD Taşımacılık",
        "operator:wikidata": "Q28220824",
        "public_transport": "station",
        "railway": "station",
        "station": "train",
        "train": "yes",
        "wheelchair": "yes",
        "wikidata": "Q46593284",
        "wikimedia_commons": "Category:Üsküdar Station",
        "wikipedia": "tr:Üsküdar Tren İstasyonu"
      },
      "geometry": {
        "type": "Point",
        "coordinates": [
          29.0131466,
          41.0256394
        ]
      },
      "id": "node/5442551070"
    },
    {
      "type": "Feature",
      "properties": {
        "@id": "node/5459480423",
        "amenity": "ferry_terminal",
        "ferry": "yes",
        "name": "Kadıköy ve Üsküdar İskelesi",
        "public_transport": "station",
        "toilets:wheelchair": "no",
        "wheelchair": "yes"
      },
      "geometry": {
        "type": "Point",
        "coordinates": [
          28.9733919,
          41.0218821
        ]
      },
      "id": "node/5459480423"
    },
    {
      "type": "Feature",
      "properties": {
        "@id": "node/5470035019",
        "amenity": "ferry_terminal",
        "ferry": "yes",
        "name": "Heybeliada",
        "public_transport": "station"
      },
      "geometry": {
        "type": "Point",
        "coordinates": [
          29.1006604,
          40.8780232
        ]
      },
      "id": "node/5470035019"
    },
    {
      "type": "Feature",
      "properties": {
        "@id": "node/5477561862",
        "amenity": "ferry_terminal",
        "ferry": "yes",
        "name": "Galataport",
        "public_transport": "station"
      },
      "geometry": {
        "type": "Point",
        "coordinates": [
          28.9793176,
          41.023197
        ]
      },
      "id": "node/5477561862"
    },
    {
      "type": "Feature",
      "properties": {
        "@id": "node/5499934367",
        "name": "Akıncılar",
        "public_transport": "stop_position",
        "railway": "tram_stop",
        "tram": "yes",
        "wheelchair": "limited"
      },
      "geometry": {
        "type": "Point",
        "coordinates": [
          28.8714699,
          41.0171401
        ]
      },
      "id": "node/5499934367"
    },
    {
      "type": "Feature",
      "properties": {
        "@id": "node/5499934368",
        "name": "Güneştepe",
        "name:ar": "كونيش تيبي",
        "public_transport": "stop_position",
        "railway": "tram_stop",
        "tram": "yes"
      },
      "geometry": {
        "type": "Point",
        "coordinates": [
          28.8609402,
          41.0289513
        ]
      },
      "id": "node/5499934368"
    },
    {
      "type": "Feature",
      "properties": {
        "@id": "node/5499934369",
        "name": "Güngören",
        "public_transport": "stop_position",
        "railway": "tram_stop",
        "tram": "yes",
        "wheelchair": "limited"
      },
      "geometry": {
        "type": "Point",
        "coordinates": [
          28.877486,
          41.0152632
        ]
      },
      "id": "node/5499934369"
    },
    {
      "type": "Feature",
      "properties": {
        "@id": "node/5499934370",
        "name": "Mehmet Akif",
        "public_transport": "stop_position",
        "railway": "tram_stop",
        "tram": "yes",
        "wheelchair": "limited"
      },
      "geometry": {
        "type": "Point",
        "coordinates": [
          28.8816356,
          41.0057888
        ]
      },
      "id": "node/5499934370"
    },
    {
      "type": "Feature",
      "properties": {
        "@id": "node/5499934371",
        "name": "Merter Tekstil Merkezi",
        "public_transport": "stop_position",
        "railway": "tram_stop",
        "tram": "yes",
        "wheelchair": "limited"
      },
      "geometry": {
        "type": "Point",
        "coordinates": [
          28.8807848,
          41.0115728
        ]
      },
      "id": "node/5499934371"
    },
    {
      "type": "Feature",
      "properties": {
        "@id": "node/5499934372",
        "name": "Fındıkzade",
        "name:ru": "Фындыкзаде",
        "name:tr": "Fındıkzade",
        "public_transport": "stop_position",
        "railway": "tram_stop",
        "tram": "yes"
      },
      "geometry": {
        "type": "Point",
        "coordinates": [
          28.9404859,
          41.0118214
        ]
      },
      "id": "node/5499934372"
    },
    {
      "type": "Feature",
      "properties": {
        "@id": "node/5672633532",
        "amenity": "ferry_terminal",
        "ferry": "yes",
        "public_transport": "station"
      },
      "geometry": {
        "type": "Point",
        "coordinates": [
          28.9688726,
          41.0195127
        ]
      },
      "id": "node/5672633532"
    },
    {
      "type": "Feature",
      "properties": {
        "@id": "node/5672864363",
        "amenity": "ferry_terminal",
        "ferry": "yes",
        "public_transport": "station"
      },
      "geometry": {
        "type": "Point",
        "coordinates": [
          29.0559515,
          40.9100519
        ]
      },
      "id": "node/5672864363"
    },
    {
      "type": "Feature",
      "properties": {
        "@id": "node/5672864364",
        "amenity": "ferry_terminal",
        "ferry": "yes",
        "name": "Eminönü İskelesi паром",
        "name:en": "Eminonu Pier",
        "public_transport": "station",
        "wikidata": "Q109392674",
        "wikimedia_commons": "Category:Eminönü Pier",
        "wikipedia": "tr:Eminönü İskelesi"
      },
      "geometry": {
        "type": "Point",
        "coordinates": [
          28.976271,
          41.0171316
        ]
      },
      "id": "node/5672864364"
    },
    {
      "type": "Feature",
      "properties": {
        "@id": "node/5885475439",
        "name": "Bakırköy",
        "name:uk": "Бакиркьой",
        "network": "Marmaray",
        "network:wikidata": "Q497844",
        "operator": "TCDD Taşımacılık",
        "operator:wikidata": "Q28220824",
        "public_transport": "station",
        "railway": "station",
        "train": "yes",
        "wheelchair": "yes",
        "wikidata": "Q4849621",
        "wikimedia_commons": "Category:Bakırköy railway station",
        "wikipedia": "tr:Bakırköy Tren İstasyonu"
      },
      "geometry": {
        "type": "Point",
        "coordinates": [
          28.8724292,
          40.9803568
        ]
      },
      "id": "node/5885475439"
    },
    {
      "type": "Feature",
      "properties": {
        "@id": "node/5966230857",
        "amenity": "ferry_terminal",
        "ferry": "yes",
        "name": "İstinye",
        "public_transport": "station"
      },
      "geometry": {
        "type": "Point",
        "coordinates": [
          29.0575649,
          41.1134305
        ]
      },
      "id": "node/5966230857"
    },
    {
      "type": "Feature",
      "properties": {
        "@id": "node/6004548605",
        "air_conditioning": "yes",
        "baby_feeding": "room",
        "changing_table": "yes",
        "internet_access": "yes",
        "internet_access:fee": "no",
        "name": "Çekmeköy",
        "network": "İstanbul Metrosu",
        "network:wikidata": "Q498172",
        "opening_hours": "Mo-Fr 06:00-24:00; Sa-Su 00:00-24:00",
        "operator": "Metro İstanbul",
        "operator:wikidata": "Q344299",
        "public_transport": "station",
        "railway": "station",
        "start_date": "2018-10-21",
        "station": "subway",
        "subway": "yes",
        "toilets": "yes",
        "toilets:wheelchair": "yes",
        "wheelchair": "yes",
        "wikidata": "Q61077102",
        "wikimedia_commons": "Category:Çekmeköy Station",
        "wikipedia": "tr:Çekmeköy (İstanbul Metrosu)"
      },
      "geometry": {
        "type": "Point",
        "coordinates": [
          29.1895134,
          41.0145289
        ]
      },
      "id": "node/6004548605"
    },
    {
      "type": "Feature",
      "properties": {
        "@id": "node/6004548606",
        "air_conditioning": "yes",
        "baby_feeding": "room",
        "changing_table": "yes",
        "name": "Necip Fazıl",
        "network": "İstanbul Metrosu",
        "network:wikidata": "Q498172",
        "opening_hours": "Mo-Fr 06:00-24:00; Sa-Su 00:00-24:00",
        "operator": "Metro İstanbul",
        "operator:wikidata": "Q344299",
        "public_transport": "station",
        "railway": "station",
        "start_date": "2018-10-21",
        "station": "subway",
        "subway": "yes",
        "toilets": "yes",
        "toilets:wheelchair": "yes",
        "wheelchair": "yes",
        "wikidata": "Q61077116",
        "wikimedia_commons": "Category:Necip Fazıl Station",
        "wikipedia": "tr:Necip Fazıl (İstanbul Metrosu)"
      },
      "geometry": {
        "type": "Point",
        "coordinates": [
          29.1794304,
          41.0160135
        ]
      },
      "id": "node/6004548606"
    },
    {
      "type": "Feature",
      "properties": {
        "@id": "node/6004548607",
        "air_conditioning": "yes",
        "baby_feeding": "room",
        "changing_table": "yes",
        "internet_access": "yes",
        "internet_access:fee": "customers",
        "name": "Dudullu",
        "network": "İstanbul Metrosu",
        "network:wikidata": "Q498172",
        "opening_hours": "Mo-Fr 06:00-24:00; Sa-Su 00:00-24:00",
        "operator": "Metro İstanbul",
        "operator:wikidata": "Q344299",
        "public_transport": "station",
        "railway": "station",
        "start_date": "2018-10-21",
        "station": "subway",
        "subway": "yes",
        "toilets": "yes",
        "toilets:wheelchair": "yes",
        "wheelchair": "yes",
        "wikidata": "Q61077115",
        "wikimedia_commons": "Category:Dudullu (M5) Station",
        "wikipedia": "tr:Dudullu (İstanbul Metrosu)"
      },
      "geometry": {
        "type": "Point",
        "coordinates": [
          29.1631878,
          41.0153698
        ]
      },
      "id": "node/6004548607"
    },
    {
      "type": "Feature",
      "properties": {
        "@id": "node/6004548608",
        "air_conditioning": "yes",
        "baby_feeding": "room",
        "changing_table": "yes",
        "name": "İmam Hatip Lisesi",
        "network": "İstanbul Metrosu",
        "network:wikidata": "Q498172",
        "opening_hours": "Mo-Fr 06:00-24:00; Sa-Su 00:00-24:00",
        "operator": "Metro İstanbul",
        "operator:wikidata": "Q344299",
        "public_transport": "station",
        "railway": "station",
        "start_date": "2018-10-21",
        "station": "subway",
        "subway": "yes",
        "toilets": "yes",
        "toilets:wheelchair": "yes",
        "wheelchair": "yes",
        "wikidata": "Q61077112",
        "wikimedia_commons": "Category:Imam Hatip Lisesi Station",
        "wikipedia": "tr:İmam Hatip Lisesi (İstanbul Metrosu)"
      },
      "geometry": {
        "type": "Point",
        "coordinates": [
          29.1517449,
          41.0160466
        ]
      },
      "id": "node/6004548608"
    },
    {
      "type": "Feature",
      "properties": {
        "@id": "node/6004548609",
        "air_conditioning": "yes",
        "baby_feeding": "room",
        "changing_table": "yes",
        "name": "Altınşehir",
        "network": "İstanbul Metrosu",
        "network:wikidata": "Q498172",
        "opening_hours": "Mo-Fr 06:00-24:00; Sa-Su 00:00-24:00",
        "operator": "Metro İstanbul",
        "operator:wikidata": "Q344299",
        "public_transport": "station",
        "railway": "station",
        "start_date": "2018-10-21",
        "station": "subway",
        "subway": "yes",
        "toilets": "yes",
        "toilets:wheelchair": "yes",
        "wheelchair": "yes",
        "wikidata": "Q61077108",
        "wikimedia_commons": "Category:Altınşehir Station",
        "wikipedia": "tr:Altınşehir (İstanbul Metrosu)"
      },
      "geometry": {
        "type": "Point",
        "coordinates": [
          29.1400344,
          41.0166656
        ]
      },
      "id": "node/6004548609"
    },
    {
      "type": "Feature",
      "properties": {
        "@id": "node/6004548610",
        "air_conditioning": "yes",
        "baby_feeding": "room",
        "changing_table": "yes",
        "name": "Ihlamurkuyu",
        "network": "İstanbul Metrosu",
        "network:wikidata": "Q498172",
        "opening_hours": "Mo-Fr 06:00-24:00; Sa-Su 00:00-24:00",
        "operator": "Metro İstanbul",
        "operator:wikidata": "Q344299",
        "public_transport": "station",
        "railway": "station",
        "start_date": "2018-10-21",
        "station": "subway",
        "subway": "yes",
        "toilets": "yes",
        "toilets:wheelchair": "yes",
        "wheelchair": "yes",
        "wikidata": "Q61077105",
        "wikimedia_commons": "Category:Ihlamurkuyu Station",
        "wikipedia": "tr:Ihlamurkuyu (İstanbul Metrosu)"
      },
      "geometry": {
        "type": "Point",
        "coordinates": [
          29.1306269,
          41.0197808
        ]
      },
      "id": "node/6004548610"
    },
    {
      "type": "Feature",
      "properties": {
        "@id": "node/6004548611",
        "air_conditioning": "yes",
        "baby_feeding": "room",
        "changing_table": "yes",
        "name": "Çakmak",
        "network": "İstanbul Metrosu",
        "network:wikidata": "Q498172",
        "opening_hours": "Mo-Fr 06:00-24:00; Sa-Su 00:00-24:00",
        "operator": "Metro İstanbul",
        "operator:wikidata": "Q344299",
        "public_transport": "station",
        "railway": "station",
        "start_date": "2018-10-21",
        "station": "subway",
        "subway": "yes",
        "toilets": "yes",
        "toilets:wheelchair": "yes",
        "wheelchair": "yes",
        "wikidata": "Q61077106",
        "wikimedia_commons": "Category:Çakmak Station",
        "wikipedia": "tr:Çakmak (İstanbul Metrosu)"
      },
      "geometry": {
        "type": "Point",
        "coordinates": [
          29.1186259,
          41.0215971
        ]
      },
      "id": "node/6004548611"
    },
    {
      "type": "Feature",
      "properties": {
        "@id": "node/6233164456",
        "amenity": "ferry_terminal",
        "ferry": "yes",
        "public_transport": "station"
      },
      "geometry": {
        "type": "Point",
        "coordinates": [
          28.9541738,
          41.0019835
        ]
      },
      "id": "node/6233164456"
    },
    {
      "type": "Feature",
      "properties": {
        "@id": "node/6251280785",
        "light_rail": "yes",
        "name": "Vadi İstanbul",
        "name:en": "Vadistanbul",
        "public_transport": "station",
        "railway": "station",
        "station": "light_rail",
        "wikidata": "Q48702993",
        "wikimedia_commons": "Category:Vadistanbul Station",
        "wikipedia": "en:Vadistanbul (Istanbul Metro)"
      },
      "geometry": {
        "type": "Point",
        "coordinates": [
          28.9884311,
          41.1075562
        ]
      },
      "id": "node/6251280785"
    },
    {
      "type": "Feature",
      "properties": {
        "@id": "node/6276056268",
        "name": "Odakule",
        "network": "T2 (Taksim - Tünel) Nostaljik Tramvay Hattı",
        "operator": "İETT",
        "public_transport": "stop_position",
        "railway": "tram_stop",
        "ref": "4",
        "tram": "yes"
      },
      "geometry": {
        "type": "Point",
        "coordinates": [
          28.9760385,
          41.0316434
        ]
      },
      "id": "node/6276056268"
    },
    {
      "type": "Feature",
      "properties": {
        "@id": "node/6276056269",
        "name": "Hüseyin Ağa Camii",
        "network": "T2 (Taksim - Tünel) Nostaljik Tramvay Hattı",
        "operator": "İETT",
        "public_transport": "stop_position",
        "railway": "tram_stop",
        "ref": "2",
        "tram": "yes"
      },
      "geometry": {
        "type": "Point",
        "coordinates": [
          28.9806501,
          41.0348722
        ]
      },
      "id": "node/6276056269"
    },
    {
      "type": "Feature",
      "properties": {
        "@id": "node/6312448729",
        "air_conditioning": "yes",
        "baby_feeding": "room",
        "changing_table": "yes",
        "internet_access": "no",
        "name": "Fevzi Çakmak - Hastane",
        "network": "İstanbul Metrosu",
        "network:wikidata": "Q498172",
        "opening_hours": "Mo-Fr 06:00-24:00; Sa-Su 00:00-24:00",
        "operator": "Metro İstanbul",
        "operator:wikidata": "Q344299",
        "public_transport": "station",
        "railway": "station",
        "start_date": "2022-10-02",
        "station": "subway",
        "subway": "yes",
        "toilets": "yes",
        "toilets:wheelchair": "yes",
        "wheelchair": "yes",
        "wikidata": "Q100411508",
        "wikimedia_commons": "Category:Fevzi Çakmak - Hastane Station",
        "wikipedia": "tr:Fevzi Çakmak-Hastane"
      },
      "geometry": {
        "type": "Point",
        "coordinates": [
          29.2624462,
          40.8888001
        ]
      },
      "id": "node/6312448729"
    },
    {
      "type": "Feature",
      "properties": {
        "@id": "node/6312448730",
        "air_conditioning": "yes",
        "baby_feeding": "room",
        "changing_table": "yes",
        "internet_access": "no",
        "name": "Yayalar-Şeyhli",
        "network": "İstanbul Metrosu",
        "network:wikidata": "Q498172",
        "opening_hours": "Mo-Fr 06:00-24:00; Sa-Su 00:00-24:00",
        "operator": "Metro İstanbul",
        "operator:wikidata": "Q344299",
        "public_transport": "station",
        "railway": "station",
        "start_date": "2022-10-02",
        "station": "subway",
        "subway": "yes",
        "toilets": "yes",
        "toilets:wheelchair": "yes",
        "wheelchair": "yes",
        "wikidata": "Q100411596",
        "wikimedia_commons": "Category:Yayalar - Şeyhli Station",
        "wikipedia": "tr:Yayalar-Şeyhli"
      },
      "geometry": {
        "type": "Point",
        "coordinates": [
          29.2757138,
          40.9040157
        ]
      },
      "id": "node/6312448730"
    },
    {
      "type": "Feature",
      "properties": {
        "@id": "node/6312448731",
        "air_conditioning": "yes",
        "baby_feeding": "room",
        "changing_table": "yes",
        "internet_access": "no",
        "name": "Sabiha Gökçen Havalimanı",
        "network": "İstanbul Metrosu",
        "network:wikidata": "Q498172",
        "opening_hours": "Mo-Fr 06:00-24:00; Sa-Su 00:00-24:00",
        "operator": "Metro İstanbul",
        "operator:wikidata": "Q344299",
        "public_transport": "station",
        "railway": "station",
        "start_date": "2022-10-02",
        "station": "subway",
        "subway": "yes",
        "toilets": "yes",
        "toilets:wheelchair": "yes",
        "wheelchair": "yes",
        "wikidata": "Q97208556",
        "wikimedia_commons": "Category:Sabiha Gökçen Havalimanı Station",
        "wikipedia": "tr:Sabiha Gökçen Havalimanı (İstanbul Metrosu)"
      },
      "geometry": {
        "type": "Point",
        "coordinates": [
          29.3114591,
          40.9065703
        ]
      },
      "id": "node/6312448731"
    },
    {
      "type": "Feature",
      "properties": {
        "@id": "node/6321654790",
        "name": "Söğütlüçeşme",
        "name:ru": "Сёгутлючешме",
        "network": "Marmaray",
        "network:wikidata": "Q497844",
        "operator": "TCDD Taşımacılık",
        "operator:wikidata": "Q28220824",
        "public_transport": "station",
        "railway": "station",
        "train": "yes",
        "wheelchair": "yes",
        "wikidata": "Q7666457",
        "wikimedia_commons": "File:Sogutlucesme Marmaray station.jpg",
        "wikipedia": "tr:Söğütlüçeşme Tren İstasyonu"
      },
      "geometry": {
        "type": "Point",
        "coordinates": [
          29.0379088,
          40.9906464
        ]
      },
      "id": "node/6321654790"
    },
    {
      "type": "Feature",
      "properties": {
        "@id": "node/6325698566",
        "internet_access": "no",
        "name": "Ataköy",
        "network": "Marmaray",
        "network:wikidata": "Q497844",
        "operator": "TCDD Taşımacılık",
        "operator:wikidata": "Q28220824",
        "public_transport": "station",
        "railway": "station",
        "train": "yes",
        "wheelchair": "yes",
        "wikidata": "Q92214307",
        "wikimedia_commons": "Category:Ataköy railway station",
        "wikipedia": "tr:Ataköy Tren İstasyonu"
      },
      "geometry": {
        "type": "Point",
        "coordinates": [
          28.8562288,
          40.9802283
        ]
      },
      "id": "node/6325698566"
    },
    {
      "type": "Feature",
      "properties": {
        "@id": "node/6328169449",
        "name": "Florya Akvaryum",
        "public_transport": "station",
        "railway": "station",
        "train": "yes",
        "wheelchair": "yes",
        "wikidata": "Q92206855",
        "wikipedia": "tr:Florya Akvaryum Tren İstasyonu"
      },
      "geometry": {
        "type": "Point",
        "coordinates": [
          28.7969908,
          40.9678237
        ]
      },
      "id": "node/6328169449"
    },
    {
      "type": "Feature",
      "properties": {
        "@id": "node/6328169450",
        "name": "Mustafa Kemal",
        "public_transport": "station",
        "railway": "station",
        "train": "yes",
        "wikidata": "Q24911532",
        "wikimedia_commons": "Category:Mustafa Kemal railway station",
        "wikipedia": "tr:Mustafa Kemal Tren İstasyonu"
      },
      "geometry": {
        "type": "Point",
        "coordinates": [
          28.7738851,
          41.0061674
        ]
      },
      "id": "node/6328169450"
    },
    {
      "type": "Feature",
      "properties": {
        "@id": "node/6328169451",
        "ele": "6",
        "name": "Küçükçekmece",
        "public_transport": "station",
        "railway": "station",
        "train": "yes",
        "wheelchair": "yes",
        "wikidata": "Q58814862",
        "wikimedia_commons": "Category:Küçükçekmece railway station",
        "wikipedia": "tr:Küçükçekmece Tren İstasyonu"
      },
      "geometry": {
        "type": "Point",
        "coordinates": [
          28.7729609,
          40.9885367
        ]
      },
      "id": "node/6328169451"
    },
    {
      "type": "Feature",
      "properties": {
        "@id": "node/6328169452",
        "name": "Feneryolu",
        "network": "Marmaray",
        "network:wikidata": "Q497844",
        "operator": "TCDD Taşımacılık",
        "operator:wikidata": "Q28220824",
        "public_transport": "station",
        "railway": "station",
        "train": "yes",
        "wheelchair": "yes",
        "wikidata": "Q15136719",
        "wikimedia_commons": "File:Istanbul asv2021-11 img54 Feneryolu station.jpg",
        "wikipedia": "tr:Feneryolu Tren İstasyonu"
      },
      "geometry": {
        "type": "Point",
        "coordinates": [
          29.0488297,
          40.9787958
        ]
      },
      "id": "node/6328169452"
    },
    {
      "type": "Feature",
      "properties": {
        "@id": "node/6328169453",
        "name": "Başak",
        "network": "Marmaray",
        "network:wikidata": "Q497844",
        "operator": "TCDD Taşımacılık",
        "operator:wikidata": "Q28220824",
        "public_transport": "station",
        "railway": "station",
        "train": "yes",
        "wheelchair": "yes",
        "wikidata": "Q58814877",
        "wikimedia_commons": "File:Başak Tren İstasyonu.jpg",
        "wikipedia": "tr:Başak Tren İstasyonu"
      },
      "geometry": {
        "type": "Point",
        "coordinates": [
          29.1774971,
          40.890264
        ]
      },
      "id": "node/6328169453"
    },
    {
      "type": "Feature",
      "properties": {
        "@id": "node/6356616321",
        "amenity": "ferry_terminal",
        "ferry": "yes",
        "name": "Üsküdar İskelesi",
        "name:en": "Üsküdar Pier",
        "public_transport": "station"
      },
      "geometry": {
        "type": "Point",
        "coordinates": [
          29.0152875,
          41.0281402
        ]
      },
      "id": "node/6356616321"
    },
    {
      "type": "Feature",
      "properties": {
        "@id": "node/6364525813",
        "air_conditioning": "yes",
        "baby_feeding": "room",
        "changing_table": "yes",
        "internet_access": "no",
        "name": "Kurtköy",
        "network": "İstanbul Metrosu",
        "network:wikidata": "Q498172",
        "opening_hours": "Mo-Fr 06:00-24:00; Sa-Su 00:00-24:00",
        "operator": "Metro İstanbul",
        "operator:wikidata": "Q344299",
        "public_transport": "station",
        "railway": "station",
        "start_date": "2022-10-02",
        "station": "subway",
        "subway": "yes",
        "toilets": "yes",
        "toilets:wheelchair": "yes",
        "wheelchair": "yes",
        "wikidata": "Q100411666",
        "wikimedia_commons": "Category:Kurtköy Station",
        "wikipedia": "tr:Kurtköy (İstanbul Metrosu)"
      },
      "geometry": {
        "type": "Point",
        "coordinates": [
          29.2967277,
          40.9098874
        ]
      },
      "id": "node/6364525813"
    },
    {
      "type": "Feature",
      "properties": {
        "@id": "node/6395978813",
        "ele": "-60",
        "internet_access": "yes",
        "name": "Sirkeci",
        "name:en": "Sirkeci",
        "name:fa": "سرکه‌چی مارمارای",
        "name:tr": "Sirkeci",
        "network": "Türkiye Cumhuriyeti Devlet Demiryolları",
        "network:short": "TCDD",
        "network:wikidata": "Q499967",
        "operator": "TCDD Taşımacılık",
        "operator:wikidata": "Q28220824",
        "public_transport": "station",
        "railway": "station",
        "train": "yes",
        "wikidata": "Q800974",
        "wikipedia": "tr:Sirkeci Garı"
      },
      "geometry": {
        "type": "Point",
        "coordinates": [
          28.9771437,
          41.0136066
        ]
      },
      "id": "node/6395978813"
    },
    {
      "type": "Feature",
      "properties": {
        "@id": "node/6398327971",
        "light_rail": "yes",
        "name": "Seyrantepe",
        "public_transport": "station",
        "railway": "station",
        "station": "funicular",
        "wheelchair": "yes",
        "wikidata": "Q61072932"
      },
      "geometry": {
        "type": "Point",
        "coordinates": [
          28.9945119,
          41.1031712
        ]
      },
      "id": "node/6398327971"
    },
    {
      "type": "Feature",
      "properties": {
        "@id": "node/6502486384",
        "addr:neighbourhood": "Emirgan",
        "amenity": "ferry_terminal",
        "ferry": "yes",
        "name": "Emirgan",
        "network": "Boğaz Ring Hattı",
        "operator": "Şehir Hatları",
        "public_transport": "station"
      },
      "geometry": {
        "type": "Point",
        "coordinates": [
          29.0562522,
          41.1030233
        ]
      },
      "id": "node/6502486384"
    },
    {
      "type": "Feature",
      "properties": {
        "@id": "node/6502486594",
        "addr:neighbourhood": "İstinye",
        "addr:street": "İstinye Caddesi",
        "amenity": "ferry_terminal",
        "ferry": "yes",
        "name": "İstinye",
        "operator": "Şehir Hatları",
        "public_transport": "station"
      },
      "geometry": {
        "type": "Point",
        "coordinates": [
          29.0611679,
          41.1132509
        ]
      },
      "id": "node/6502486594"
    },
    {
      "type": "Feature",
      "properties": {
        "@id": "node/6507293770",
        "air_conditioning": "yes",
        "baby_feeding": "room",
        "changing_table": "yes",
        "internet_access": "no",
        "name": "Yıldız",
        "network": "İstanbul Metrosu",
        "network:wikidata": "Q498172",
        "opening_hours": "Mo-Fr 06:00-24:00; Sa-Su 00:00-24:00",
        "operator": "Metro İstanbul",
        "operator:wikidata": "Q344299",
        "public_transport": "station",
        "railway": "station",
        "start_date": "2023-01-02",
        "station": "subway",
        "subway": "yes",
        "toilets": "yes",
        "toilets:wheelchair": "yes",
        "wheelchair": "yes",
        "wikidata": "Q107050618",
        "wikimedia_commons": "Category:Yıldız Station",
        "wikipedia": "tr:Yıldız (İstanbul Metrosu)"
      },
      "geometry": {
        "type": "Point",
        "coordinates": [
          29.009666,
          41.054072
        ]
      },
      "id": "node/6507293770"
    },
    {
      "type": "Feature",
      "properties": {
        "@id": "node/6507303852",
        "air_conditioning": "yes",
        "baby_feeding": "room",
        "changing_table": "yes",
        "internet_access": "wlan",
        "internet_access:fee": "customers",
        "name": "Nurtepe",
        "network": "İstanbul Metrosu",
        "network:wikidata": "Q498172",
        "opening_hours": "Mo-Fr 06:00-24:00; Sa-Su 00:00-24:00",
        "operator": "Metro İstanbul",
        "operator:wikidata": "Q344299",
        "public_transport": "station",
        "railway": "station",
        "start_date": "2020-10-28",
        "station": "subway",
        "subway": "yes",
        "toilets": "yes",
        "toilets:wheelchair": "yes",
        "wheelchair": "yes",
        "wikidata": "Q105427153",
        "wikimedia_commons": "Category:Nurtepe Station",
        "wikipedia": "tr:Nurtepe (İstanbul Metrosu)"
      },
      "geometry": {
        "type": "Point",
        "coordinates": [
          28.9634762,
          41.0798589
        ]
      },
      "id": "node/6507303852"
    },
    {
      "type": "Feature",
      "properties": {
        "@id": "node/6507303853",
        "air_conditioning": "yes",
        "baby_feeding": "room",
        "changing_table": "yes",
        "internet_access": "yes",
        "internet_access:fee": "yes",
        "name": "Alibeyköy",
        "network": "İstanbul Metrosu",
        "network:wikidata": "Q498172",
        "opening_hours": "Mo-Fr 06:00-24:00; Sa-Su 00:00-24:00",
        "operator": "Metro İstanbul",
        "operator:wikidata": "Q344299",
        "public_transport": "station",
        "railway": "station",
        "start_date": "2020-10-28",
        "station": "subway",
        "subway": "yes",
        "toilets": "yes",
        "toilets:wheelchair": "yes",
        "wheelchair": "yes",
        "wikidata": "Q104006823",
        "wikimedia_commons": "Category:Alibeyköy Station",
        "wikipedia": "tr:Alibeyköy (İstanbul Metrosu)"
      },
      "geometry": {
        "type": "Point",
        "coordinates": [
          28.949577,
          41.0791413
        ]
      },
      "id": "node/6507303853"
    },
    {
      "type": "Feature",
      "properties": {
        "@id": "node/6507303868",
        "air_conditioning": "yes",
        "baby_feeding": "room",
        "changing_table": "yes",
        "internet_access": "yes",
        "internet_access:fee": "yes",
        "name": "Kağıthane",
        "network": "İstanbul Metrosu",
        "network:wikidata": "Q498172",
        "opening_hours": "Mo-Fr 06:00-24:00; Sa-Su 00:00-24:00",
        "operator": "Metro İstanbul",
        "operator:wikidata": "Q344299",
        "public_transport": "station",
        "railway": "station",
        "start_date": "2020-10-28",
        "station": "subway",
        "subway": "yes",
        "toilets": "yes",
        "toilets:wheelchair": "yes",
        "wheelchair": "yes",
        "wikidata": "Q55887158",
        "wikimedia_commons": "Category:Kâğıthane (M7) Station",
        "wikipedia": "tr:Kâğıthane (M7, İstanbul Metrosu)"
      },
      "geometry": {
        "type": "Point",
        "coordinates": [
          28.9731198,
          41.0796544
        ]
      },
      "id": "node/6507303868"
    },
    {
      "type": "Feature",
      "properties": {
        "@id": "node/6507303869",
        "air_conditioning": "yes",
        "baby_feeding": "room",
        "changing_table": "yes",
        "internet_access": "no",
        "name": "Fulya",
        "network": "İstanbul Metrosu",
        "network:wikidata": "Q498172",
        "opening_hours": "Mo-Fr 06:00-24:00; Sa-Su 00:00-24:00",
        "operator": "Metro İstanbul",
        "operator:wikidata": "Q344299",
        "public_transport": "station",
        "railway": "station",
        "start_date": "2023-01-02",
        "station": "subway",
        "subway": "yes",
        "toilets": "yes",
        "toilets:wheelchair": "yes",
        "wheelchair": "yes",
        "wikidata": "Q107050617",
        "wikimedia_commons": "Category:Fulya Station",
        "wikipedia": "tr:Fulya (İstanbul Metrosu)"
      },
      "geometry": {
        "type": "Point",
        "coordinates": [
          29.0069778,
          41.0623115
        ]
      },
      "id": "node/6507303869"
    },
    {
      "type": "Feature",
      "properties": {
        "@id": "node/6507323101",
        "air_conditioning": "yes",
        "baby_feeding": "room",
        "changing_table": "yes",
        "internet_access": "wlan",
        "internet_access:fee": "customers",
        "name": "Giyimkent-Tekstilkent",
        "network": "İstanbul Metrosu",
        "network:wikidata": "Q498172",
        "opening_hours": "Mo-Fr 06:00-24:00; Sa-Su 00:00-24:00",
        "operator": "Metro İstanbul",
        "operator:wikidata": "Q344299",
        "public_transport": "station",
        "railway": "station",
        "start_date": "2020-10-28",
        "station": "subway",
        "subway": "yes",
        "toilets": "yes",
        "toilets:wheelchair": "yes",
        "wheelchair": "yes",
        "wikidata": "Q107050615",
        "wikimedia_commons": "Category:Giyimkent - Tekstilkent Station",
        "wikipedia": "tr:Giyimkent-Tekstilkent"
      },
      "geometry": {
        "type": "Point",
        "coordinates": [
          28.8667756,
          41.0712858
        ]
      },
      "id": "node/6507323101"
    },
    {
      "type": "Feature",
      "properties": {
        "@id": "node/6507323102",
        "air_conditioning": "yes",
        "baby_feeding": "room",
        "changing_table": "yes",
        "internet_access": "wlan",
        "internet_access:fee": "customers",
        "name": "Karadeniz Mahallesi",
        "network": "İstanbul Metrosu",
        "network:wikidata": "Q498172",
        "opening_hours": "Mo-Fr 06:00-24:00; Sa-Su 00:00-24:00",
        "operator": "Metro İstanbul",
        "operator:wikidata": "Q344299",
        "public_transport": "station",
        "railway": "station",
        "start_date": "2020-10-28",
        "station": "subway",
        "subway": "yes",
        "toilets": "yes",
        "toilets:wheelchair": "yes",
        "wheelchair": "yes",
        "wikidata": "Q106778206",
        "wikimedia_commons": "Category:Karadeniz Mahallesi Station",
        "wikipedia": "tr:Karadeniz Mahallesi (İstanbul Metrosu)"
      },
      "geometry": {
        "type": "Point",
        "coordinates": [
          28.8750965,
          41.081247
        ]
      },
      "id": "node/6507323102"
    },
    {
      "type": "Feature",
      "properties": {
        "@id": "node/6507323105",
        "air_conditioning": "yes",
        "baby_feeding": "room",
        "changing_table": "yes",
        "internet_access": "wlan",
        "internet_access:fee": "customers",
        "name": "Çırçır",
        "network": "İstanbul Metrosu",
        "network:wikidata": "Q498172",
        "opening_hours": "Mo-Fr 06:00-24:00; Sa-Su 00:00-24:00",
        "operator": "Metro İstanbul",
        "operator:wikidata": "Q344299",
        "public_transport": "station",
        "railway": "station",
        "start_date": "2020-10-28",
        "station": "subway",
        "subway": "yes",
        "toilets": "yes",
        "toilets:wheelchair": "yes",
        "wheelchair": "yes",
        "wikidata": "Q97567996",
        "wikimedia_commons": "Category:Çırçır Station",
        "wikipedia": "tr:Çırçır (İstanbul Metrosu)"
      },
      "geometry": {
        "type": "Point",
        "coordinates": [
          28.9363025,
          41.0801289
        ]
      },
      "id": "node/6507323105"
    },
    {
      "type": "Feature",
      "properties": {
        "@id": "node/6507323106",
        "air_conditioning": "yes",
        "baby_feeding": "room",
        "changing_table": "yes",
        "internet_access": "wlan",
        "internet_access:fee": "customers",
        "name": "Veysel Karani-Akşemsettin",
        "network": "İstanbul Metrosu",
        "network:wikidata": "Q498172",
        "opening_hours": "Mo-Fr 06:00-24:00; Sa-Su 00:00-24:00",
        "operator": "Metro İstanbul",
        "operator:wikidata": "Q344299",
        "public_transport": "station",
        "railway": "station",
        "start_date": "2020-10-28",
        "station": "subway",
        "subway": "yes",
        "toilets": "yes",
        "toilets:wheelchair": "yes",
        "wheelchair": "yes",
        "wikidata": "Q107050612",
        "wikimedia_commons": "Category:Veysel Karani - Akşemsettin Station",
        "wikipedia": "tr:Veysel Karani-Akşemsettin"
      },
      "geometry": {
        "type": "Point",
        "coordinates": [
          28.9281287,
          41.0795812
        ]
      },
      "id": "node/6507323106"
    },
    {
      "type": "Feature",
      "properties": {
        "@id": "node/6507323107",
        "air_conditioning": "yes",
        "baby_feeding": "room",
        "changing_table": "yes",
        "internet_access": "wlan",
        "internet_access:fee": "customers",
        "name": "Yeşilpınar",
        "network": "İstanbul Metrosu",
        "network:wikidata": "Q498172",
        "opening_hours": "Mo-Fr 06:00-24:00; Sa-Su 00:00-24:00",
        "operator": "Metro İstanbul",
        "operator:wikidata": "Q344299",
        "public_transport": "station",
        "railway": "station",
        "start_date": "2020-10-28",
        "station": "subway",
        "subway": "yes",
        "toilets": "yes",
        "toilets:wheelchair": "yes",
        "wheelchair": "yes",
        "wikidata": "Q107050613",
        "wikimedia_commons": "Category:Yeşilpınar Station",
        "wikipedia": "tr:Yeşilpınar (İstanbul Metrosu)"
      },
      "geometry": {
        "type": "Point",
        "coordinates": [
          28.9182892,
          41.0822903
        ]
      },
      "id": "node/6507323107"
    },
    {
      "type": "Feature",
      "properties": {
        "@id": "node/6507323108",
        "air_conditioning": "yes",
        "baby_feeding": "room",
        "changing_table": "yes",
        "internet_access": "wlan",
        "internet_access:fee": "customers",
        "name": "Kâzım Karabekir",
        "network": "İstanbul Metrosu",
        "network:wikidata": "Q498172",
        "opening_hours": "Mo-Fr 06:00-24:00; Sa-Su 00:00-24:00",
        "operator": "Metro İstanbul",
        "operator:wikidata": "Q344299",
        "public_transport": "station",
        "railway": "station",
        "start_date": "2020-10-28",
        "station": "subway",
        "subway": "yes",
        "toilets": "yes",
        "toilets:wheelchair": "yes",
        "wheelchair": "yes",
        "wikidata": "Q107050614",
        "wikimedia_commons": "Category:Kâzım Karabekir Station",
        "wikipedia": "tr:Kâzım Karabekir (M7, İstanbul Metrosu)"
      },
      "geometry": {
        "type": "Point",
        "coordinates": [
          28.9085323,
          41.0853315
        ]
      },
      "id": "node/6507323108"
    },
    {
      "type": "Feature",
      "properties": {
        "@id": "node/6507323109",
        "air_conditioning": "yes",
        "baby_feeding": "room",
        "changing_table": "yes",
        "internet_access": "wlan",
        "internet_access:fee": "customers",
        "name": "Yenimahalle",
        "network": "İstanbul Metrosu",
        "network:wikidata": "Q498172",
        "opening_hours": "Mo-Fr 06:00-24:00; Sa-Su 00:00-24:00",
        "operator": "Metro İstanbul",
        "operator:wikidata": "Q344299",
        "public_transport": "station",
        "railway": "station",
        "start_date": "2020-10-28",
        "station": "subway",
        "subway": "yes",
        "toilets": "yes",
        "toilets:wheelchair": "yes",
        "wheelchair": "yes",
        "wikidata": "Q105905468",
        "wikimedia_commons": "Category:Yenimahalle (M7) Station",
        "wikipedia": "tr:Yenimahalle (M7, İstanbul Metrosu)"
      },
      "geometry": {
        "type": "Point",
        "coordinates": [
          28.8927638,
          41.0838895
        ]
      },
      "id": "node/6507323109"
    },
    {
      "type": "Feature",
      "properties": {
        "@id": "node/6507340892",
        "air_conditioning": "yes",
        "baby_feeding": "room",
        "changing_table": "yes",
        "internet_access": "wlan",
        "internet_access:fee": "customers",
        "name": "Çağlayan",
        "network": "İstanbul Metrosu",
        "network:wikidata": "Q498172",
        "opening_hours": "Mo-Fr 06:00-24:00; Sa-Su 00:00-24:00",
        "operator": "Metro İstanbul",
        "operator:wikidata": "Q344299",
        "public_transport": "station",
        "railway": "station",
        "start_date": "2020-10-28",
        "station": "subway",
        "subway": "yes",
        "toilets": "yes",
        "toilets:wheelchair": "yes",
        "wheelchair": "yes",
        "wikidata": "Q105388397",
        "wikimedia_commons": "Category:Çağlayan Station",
        "wikipedia": "tr:Çağlayan (İstanbul Metrosu)"
      },
      "geometry": {
        "type": "Point",
        "coordinates": [
          28.9805133,
          41.0707068
        ]
      },
      "id": "node/6507340892"
    },
    {
      "type": "Feature",
      "properties": {
        "@id": "node/6513129437",
        "air_conditioning": "yes",
        "baby_feeding": "room",
        "changing_table": "yes",
        "internet_access": "wlan",
        "internet_access:fee": "customers",
        "name": "Parseller",
        "network": "İstanbul Metrosu",
        "network:wikidata": "Q498172",
        "opening_hours": "Mo-Su 06:00-24:00",
        "operator": "Metro İstanbul",
        "operator:wikidata": "Q344299",
        "public_transport": "station",
        "railway": "station",
        "start_date": "2023-01-06",
        "station": "subway",
        "subway": "yes",
        "toilets": "yes",
        "toilets:wheelchair": "yes",
        "wheelchair": "yes",
        "wikidata": "Q107050629",
        "wikimedia_commons": "Category:Parseller Station",
        "wikipedia": "tr:Parseller (İstanbul Metrosu)"
      },
      "geometry": {
        "type": "Point",
        "coordinates": [
          29.1527281,
          41.0311986
        ]
      },
      "id": "node/6513129437"
    },
    {
      "type": "Feature",
      "properties": {
        "@id": "node/6513129456",
        "air_conditioning": "yes",
        "baby_feeding": "room",
        "changing_table": "yes",
        "internet_access": "wlan",
        "internet_access:fee": "customers",
        "name": "Huzur",
        "network": "İstanbul Metrosu",
        "network:wikidata": "Q498172",
        "opening_hours": "Mo-Su 06:00-24:00",
        "operator": "Metro İstanbul",
        "operator:wikidata": "Q344299",
        "public_transport": "station",
        "railway": "station",
        "start_date": "2023-01-06",
        "station": "subway",
        "subway": "yes",
        "toilets": "yes",
        "toilets:wheelchair": "yes",
        "wheelchair": "yes",
        "wikidata": "Q107050628",
        "wikimedia_commons": "Category:Huzur Station",
        "wikipedia": "tr:Huzur (İstanbul Metrosu)"
      },
      "geometry": {
        "type": "Point",
        "coordinates": [
          29.1595862,
          41.022602
        ]
      },
      "id": "node/6513129456"
    },
    {
      "type": "Feature",
      "properties": {
        "@id": "node/6524561223",
        "name": "İskele Cami",
        "public_transport": "stop_position",
        "railway": "tram_stop",
        "tram": "yes",
        "wikidata": "Q97210171",
        "wikimedia_commons": "Category:İskele Camii (tram station)",
        "wikipedia": "tr:İskele Camii (İstanbul Tramvayı)"
      },
      "geometry": {
        "type": "Point",
        "coordinates": [
          29.0231785,
          40.9906526
        ]
      },
      "id": "node/6524561223"
    },
    {
      "type": "Feature",
      "properties": {
        "@id": "node/6573849069",
        "amenity": "ferry_terminal",
        "ferry": "yes",
        "name": "Büyükada",
        "operator": "Turyol",
        "public_transport": "station"
      },
      "geometry": {
        "type": "Point",
        "coordinates": [
          29.1313661,
          40.8752753
        ]
      },
      "id": "node/6573849069"
    },
    {
      "type": "Feature",
      "properties": {
        "@id": "node/6690847579",
        "addr:city": "Istanbul",
        "addr:district": "Kadıköy",
        "addr:housenumber": "61",
        "addr:neighbourhood": "Göztepe",
        "addr:postcode": "34730",
        "addr:street": "Yeşilbahar Sokağı",
        "name": "Göztepe",
        "network": "Marmaray",
        "network:wikidata": "Q497844",
        "operator": "TCDD Taşımacılık",
        "operator:wikidata": "Q28220824",
        "public_transport": "station",
        "railway": "station",
        "train": "yes",
        "wheelchair": "yes",
        "wikidata": "Q5626765",
        "wikimedia_commons": "Category:Göztepe railway station",
        "wikipedia": "en:Göztepe railway station"
      },
      "geometry": {
        "type": "Point",
        "coordinates": [
          29.0626318,
          40.9792053
        ]
      },
      "id": "node/6690847579"
    },
    {
      "type": "Feature",
      "properties": {
        "@id": "node/6763426868",
        "air_conditioning": "yes",
        "baby_feeding": "room",
        "changing_table": "yes",
        "internet_access": "yes",
        "name": "Kirazlı",
        "network": "İstanbul Metrosu",
        "network:wikidata": "Q498172",
        "opening_hours": "Mo-Fr 06:00-24:00 Sa-Su 00:00-24:00",
        "operator": "Metro İstanbul",
        "operator:wikidata": "Q344299",
        "public_transport": "station",
        "railway": "station",
        "start_date": "2013-06-14",
        "station": "subway",
        "subway": "yes",
        "toilets": "yes",
        "toilets:wheelchair": "yes",
        "wheelchair": "yes",
        "wikidata": "Q18787706",
        "wikimedia_commons": "Category:Kirazlı (M1) Station",
        "wikipedia": "tr:Kirazlı (İstanbul Metrosu)"
      },
      "geometry": {
        "type": "Point",
        "coordinates": [
          28.8422874,
          41.0318236
        ]
      },
      "id": "node/6763426868"
    },
    {
      "type": "Feature",
      "properties": {
        "@id": "node/6763426869",
        "name": "Davutpaşa - YTÜ",
        "network": "İstanbul M1A Metro Hattı",
        "operator": "İBB",
        "public_transport": "station",
        "railway": "station",
        "station": "subway",
        "subway": "yes",
        "wheelchair": "yes",
        "wikidata": "Q21524960",
        "wikimedia_commons": "Category:Davutpaşa—YTÜ Station",
        "wikipedia": "tr:Davutpaşa - YTÜ (İstanbul metrosu)"
      },
      "geometry": {
        "type": "Point",
        "coordinates": [
          28.900375,
          41.0202193
        ]
      },
      "id": "node/6763426869"
    },
    {
      "type": "Feature",
      "properties": {
        "@id": "node/6763426870",
        "name": "Bakırköy-İncirli",
        "network": "İstanbul Metrosu",
        "public_transport": "station",
        "railway": "station",
        "station": "subway",
        "subway": "yes",
        "wheelchair": "no",
        "wikidata": "Q20988314",
        "wikimedia_commons": "Category:Bakırköy—İncirli Station",
        "wikipedia": "tr:Bakırköy-İncirli"
      },
      "geometry": {
        "type": "Point",
        "coordinates": [
          28.8753616,
          40.9966207
        ]
      },
      "id": "node/6763426870"
    },
    {
      "type": "Feature",
      "properties": {
        "@id": "node/6801712679",
        "name": "Fener",
        "public_transport": "stop_position",
        "railway": "tram_stop",
        "tram": "yes"
      },
      "geometry": {
        "type": "Point",
        "coordinates": [
          28.9544538,
          41.0286148
        ]
      },
      "id": "node/6801712679"
    },
    {
      "type": "Feature",
      "properties": {
        "@id": "node/6917432727",
        "air_conditioning": "yes",
        "baby_feeding": "room",
        "changing_table": "yes",
        "internet_access": "no",
        "name": "Onurkent",
        "network": "İstanbul Metrosu",
        "network:wikidata": "Q498172",
        "opening_hours": "Mo-Su 06:00-24:00",
        "operator": "Metro İstanbul",
        "operator:wikidata": "Q344299",
        "public_transport": "station",
        "railway": "station",
        "start_date": "2023-04-08",
        "station": "subway",
        "subway": "yes",
        "toilets": "yes",
        "toilets:wheelchair": "yes",
        "wheelchair": "yes",
        "wikidata": "Q109315684",
        "wikimedia_commons": "Category:Onurkent Station",
        "wikipedia": "tr:Onurkent (İstanbul Metrosu)"
      },
      "geometry": {
        "type": "Point",
        "coordinates": [
          28.7905007,
          41.1134023
        ]
      },
      "id": "node/6917432727"
    },
    {
      "type": "Feature",
      "properties": {
        "@id": "node/6917432760",
        "air_conditioning": "yes",
        "baby_feeding": "room",
        "changing_table": "yes",
        "internet_access": "no",
        "name": "Toplu Konutlar",
        "network": "İstanbul Metrosu",
        "network:wikidata": "Q498172",
        "opening_hours": "Mo-Su 06:00-24:00",
        "operator": "Metro İstanbul",
        "operator:wikidata": "Q344299",
        "public_transport": "station",
        "railway": "station",
        "start_date": "2023-04-08",
        "station": "subway",
        "subway": "yes",
        "toilets": "yes",
        "toilets:wheelchair": "yes",
        "wheelchair": "yes",
        "wikidata": "Q109315656",
        "wikimedia_commons": "Category:Toplu Konutlar (M3) Station",
        "wikipedia": "tr:Toplu Konutlar (M3, İstanbul Metrosu)"
      },
      "geometry": {
        "type": "Point",
        "coordinates": [
          28.7678634,
          41.1076913
        ]
      },
      "id": "node/6917432760"
    },
    {
      "type": "Feature",
      "properties": {
        "@id": "node/6917888494",
        "air_conditioning": "yes",
        "baby_feeding": "room",
        "changing_table": "yes",
        "internet_access": "no",
        "name": "Kayaşehir Merkez",
        "network": "İstanbul Metrosu",
        "network:wikidata": "Q498172",
        "opening_hours": "Mo-Su 06:00-24:00",
        "operator": "Metro İstanbul",
        "operator:wikidata": "Q344299",
        "public_transport": "station",
        "railway": "station",
        "start_date": "2023-04-08",
        "station": "subway",
        "subway": "yes",
        "toilets": "yes",
        "toilets:wheelchair": "yes",
        "wheelchair": "yes",
        "wikidata": "Q109315035",
        "wikimedia_commons": "Category:Kayaşehir Merkez (M3) Station",
        "wikipedia": "tr:Kayaşehir Merkez (İstanbul Metrosu)"
      },
      "geometry": {
        "type": "Point",
        "coordinates": [
          28.7663353,
          41.1190792
        ]
      },
      "id": "node/6917888494"
    },
    {
      "type": "Feature",
      "properties": {
        "@id": "node/6919989286",
        "amenity": "ferry_terminal",
        "ferry": "yes",
        "name": "Ortaköy",
        "public_transport": "station"
      },
      "geometry": {
        "type": "Point",
        "coordinates": [
          29.0256609,
          41.0472063
        ]
      },
      "id": "node/6919989286"
    },
    {
      "type": "Feature",
      "properties": {
        "@id": "node/6920331645",
        "amenity": "ferry_terminal",
        "ferry": "yes",
        "operator": "Beyden Deniz Ulaşım Hizmetleri Turizm ve Ticaret Ltd. Şti.",
        "public_transport": "station"
      },
      "geometry": {
        "type": "Point",
        "coordinates": [
          29.0910982,
          41.134575
        ]
      },
      "id": "node/6920331645"
    },
    {
      "type": "Feature",
      "properties": {
        "@id": "node/6931519895",
        "air_conditioning": "yes",
        "baby_feeding": "room",
        "changing_table": "yes",
        "name": "Sancaktepe Şehir Hastanesi",
        "network": "İstanbul Metrosu",
        "network:wikidata": "Q498172",
        "opening_hours": "Mo-Fr 06:00-24:00; Sa-Su 00:00-24:00",
        "operator": "Metro İstanbul",
        "operator:wikidata": "Q344299",
        "public_transport": "station",
        "railway": "station",
        "start_date": "2026-05-22",
        "station": "subway",
        "subway": "yes",
        "toilets": "yes",
        "toilets:wheelchair": "yes",
        "wheelchair": "yes",
        "wikidata": "Q100411047",
        "wikimedia_commons": "Category:Sancaktepe Şehir Hastanesi Station",
        "wikipedia": "tr:Sancaktepe Şehir Hastanesi (İstanbul Metrosu)"
      },
      "geometry": {
        "type": "Point",
        "coordinates": [
          29.2175153,
          41.0009679
        ]
      },
      "id": "node/6931519895"
    },
    {
      "type": "Feature",
      "properties": {
        "@id": "node/6932303042",
        "air_conditioning": "yes",
        "baby_feeding": "room",
        "changing_table": "yes",
        "name": "Sultanbeyli",
        "network": "İstanbul Metrosu",
        "network:wikidata": "Q498172",
        "opening_hours": "Mo-Fr 06:00-24:00; Sa-Su 00:00-24:00",
        "operator": "Metro İstanbul",
        "operator:wikidata": "Q344299",
        "public_transport": "station",
        "railway": "station",
        "start_date": "2026-05-22",
        "station": "subway",
        "subway": "yes",
        "toilets": "yes",
        "toilets:wheelchair": "yes",
        "wheelchair": "yes",
        "wikidata": "Q100411406",
        "wikimedia_commons": "Category:Sultanbeyli Station",
        "wikipedia": "tr:Sultanbeyli (İstanbul Metrosu)"
      },
      "geometry": {
        "type": "Point",
        "coordinates": [
          29.2725631,
          40.9659354
        ]
      },
      "id": "node/6932303042"
    },
    {
      "type": "Feature",
      "properties": {
        "@id": "node/6932303048",
        "air_conditioning": "yes",
        "baby_feeding": "room",
        "changing_table": "yes",
        "name": "Hasanpaşa",
        "network": "İstanbul Metrosu",
        "network:wikidata": "Q498172",
        "opening_hours": "Mo-Fr 06:00-24:00; Sa-Su 00:00-24:00",
        "operator": "Metro İstanbul",
        "operator:wikidata": "Q344299",
        "public_transport": "station",
        "railway": "station",
        "start_date": "2026-05-22",
        "station": "subway",
        "subway": "yes",
        "toilets": "yes",
        "toilets:wheelchair": "yes",
        "wheelchair": "yes",
        "wikidata": "Q100411350",
        "wikimedia_commons": "Category:Hasanpaşa Station",
        "wikipedia": "tr:Hasanpaşa (İstanbul Metrosu)"
      },
      "geometry": {
        "type": "Point",
        "coordinates": [
          29.2551526,
          40.9687135
        ]
      },
      "id": "node/6932303048"
    },
    {
      "type": "Feature",
      "properties": {
        "@id": "node/6932303056",
        "air_conditioning": "yes",
        "baby_feeding": "room",
        "changing_table": "yes",
        "name": "Veysel Karani",
        "network": "İstanbul Metrosu",
        "network:wikidata": "Q498172",
        "opening_hours": "Mo-Fr 06:00-24:00; Sa-Su 00:00-24:00",
        "operator": "Metro İstanbul",
        "operator:wikidata": "Q344299",
        "public_transport": "station",
        "railway": "station",
        "start_date": "2026-05-22",
        "station": "subway",
        "subway": "yes",
        "toilets": "yes",
        "toilets:wheelchair": "yes",
        "wheelchair": "yes",
        "wikidata": "Q100411219",
        "wikimedia_commons": "Category:Veysel Karani Station",
        "wikipedia": "tr:Veysel Karani (İstanbul Metrosu)"
      },
      "geometry": {
        "type": "Point",
        "coordinates": [
          29.24,
          40.9689663
        ]
      },
      "id": "node/6932303056"
    },
    {
      "type": "Feature",
      "properties": {
        "@id": "node/6932303066",
        "air_conditioning": "yes",
        "baby_feeding": "room",
        "changing_table": "yes",
        "name": "Samandıra Merkez",
        "network": "İstanbul Metrosu",
        "network:wikidata": "Q498172",
        "opening_hours": "Mo-Fr 06:00-24:00; Sa-Su 00:00-24:00",
        "operator": "Metro İstanbul",
        "operator:wikidata": "Q344299",
        "public_transport": "station",
        "railway": "station",
        "start_date": "2024-03-16",
        "station": "subway",
        "subway": "yes",
        "toilets": "yes",
        "toilets:wheelchair": "yes",
        "wheelchair": "yes",
        "wikidata": "Q100411162",
        "wikimedia_commons": "Category:Samandıra Merkez Station",
        "wikipedia": "tr:Samandıra Merkez"
      },
      "geometry": {
        "type": "Point",
        "coordinates": [
          29.2314094,
          40.9836831
        ]
      },
      "id": "node/6932303066"
    },
    {
      "type": "Feature",
      "properties": {
        "@id": "node/6932303073",
        "air_conditioning": "yes",
        "baby_feeding": "room",
        "changing_table": "yes",
        "name": "Sancaktepe",
        "network": "İstanbul Metrosu",
        "network:wikidata": "Q498172",
        "opening_hours": "Mo-Fr 06:00-24:00; Sa-Su 00:00-24:00",
        "operator": "Metro İstanbul",
        "operator:wikidata": "Q344299",
        "public_transport": "station",
        "railway": "station",
        "start_date": "2024-03-16",
        "station": "subway",
        "subway": "yes",
        "toilets": "yes",
        "toilets:wheelchair": "yes",
        "wheelchair": "yes",
        "wikidata": "Q100411105",
        "wikimedia_commons": "Category:Sancaktepe Station",
        "wikipedia": "tr:Sancaktepe (İstanbul Metrosu)"
      },
      "geometry": {
        "type": "Point",
        "coordinates": [
          29.2290134,
          40.9920567
        ]
      },
      "id": "node/6932303073"
    },
    {
      "type": "Feature",
      "properties": {
        "@id": "node/6932313803",
        "air_conditioning": "yes",
        "baby_feeding": "room",
        "changing_table": "yes",
        "name": "Meclis",
        "network": "İstanbul Metrosu",
        "network:wikidata": "Q498172",
        "opening_hours": "Mo-Fr 06:00-24:00; Sa-Su 00:00-24:00",
        "operator": "Metro İstanbul",
        "operator:wikidata": "Q344299",
        "public_transport": "station",
        "railway": "station",
        "start_date": "2024-03-16",
        "station": "subway",
        "subway": "yes",
        "toilets": "yes",
        "toilets:wheelchair": "yes",
        "wheelchair": "yes",
        "wikidata": "Q100410801",
        "wikimedia_commons": "Category:Meclis Station",
        "wikipedia": "tr:Meclis (İstanbul Metrosu)"
      },
      "geometry": {
        "type": "Point",
        "coordinates": [
          29.198884,
          41.0096577
        ]
      },
      "id": "node/6932313803"
    },
    {
      "type": "Feature",
      "properties": {
        "@id": "node/6932388157",
        "air_conditioning": "yes",
        "baby_feeding": "room",
        "changing_table": "yes",
        "internet_access": "wlan",
        "internet_access:fee": "customers",
        "name": "MODOKO-KEYAP",
        "network": "İstanbul Metrosu",
        "network:wikidata": "Q498172",
        "opening_hours": "Mo-Su 06:00-24:00",
        "operator": "Metro İstanbul",
        "operator:wikidata": "Q344299",
        "public_transport": "station",
        "railway": "station",
        "start_date": "2023-01-06",
        "station": "subway",
        "subway": "yes",
        "toilets": "yes",
        "toilets:wheelchair": "yes",
        "wheelchair": "yes",
        "wikidata": "Q107050627",
        "wikimedia_commons": "Category:MODOKO-KEYAP Station",
        "wikipedia": "tr:MODOKO-KEYAP"
      },
      "geometry": {
        "type": "Point",
        "coordinates": [
          29.1620118,
          41.0074042
        ]
      },
      "id": "node/6932388157"
    },
    {
      "type": "Feature",
      "properties": {
        "@id": "node/6932388169",
        "air_conditioning": "yes",
        "baby_feeding": "room",
        "changing_table": "yes",
        "internet_access": "wlan",
        "internet_access:fee": "customers",
        "name": "İMES",
        "network": "İstanbul Metrosu",
        "network:wikidata": "Q498172",
        "opening_hours": "Mo-Su 06:00-24:00",
        "operator": "Metro İstanbul",
        "operator:wikidata": "Q344299",
        "public_transport": "station",
        "railway": "station",
        "start_date": "2023-01-07",
        "station": "subway",
        "subway": "yes",
        "toilets": "yes",
        "toilets:wheelchair": "yes",
        "wheelchair": "yes",
        "wikidata": "Q107050626",
        "wikimedia_commons": "Category:İMES Station",
        "wikipedia": "tr:İMES (İstanbul Metrosu)"
      },
      "geometry": {
        "type": "Point",
        "coordinates": [
          29.155986,
          41.000233
        ]
      },
      "id": "node/6932388169"
    },
    {
      "type": "Feature",
      "properties": {
        "@id": "node/6932388177",
        "air_conditioning": "yes",
        "baby_feeding": "room",
        "changing_table": "yes",
        "internet_access": "wlan",
        "internet_access:fee": "customers",
        "name": "Mevlana",
        "network": "İstanbul Metrosu",
        "network:wikidata": "Q498172",
        "opening_hours": "Mo-Su 06:00-24:00",
        "operator": "Metro İstanbul",
        "operator:wikidata": "Q344299",
        "public_transport": "station",
        "railway": "station",
        "start_date": "2023-01-06",
        "station": "subway",
        "subway": "yes",
        "toilets": "yes",
        "toilets:wheelchair": "yes",
        "wheelchair": "yes",
        "wikidata": "Q107050625",
        "wikimedia_commons": "Category:Mevlana Station",
        "wikipedia": "tr:Mevlana (İstanbul Metrosu)"
      },
      "geometry": {
        "type": "Point",
        "coordinates": [
          29.1533813,
          40.9921566
        ]
      },
      "id": "node/6932388177"
    },
    {
      "type": "Feature",
      "properties": {
        "@id": "node/6932391790",
        "air_conditioning": "yes",
        "baby_feeding": "room",
        "changing_table": "yes",
        "internet_access": "wlan",
        "internet_access:fee": "customers",
        "name": "Kayışdağı",
        "network": "İstanbul Metrosu",
        "network:wikidata": "Q498172",
        "opening_hours": "Mo-Su 06:00-24:00",
        "operator": "Metro İstanbul",
        "operator:wikidata": "Q344299",
        "public_transport": "station",
        "railway": "station",
        "start_date": "2023-01-06",
        "station": "subway",
        "subway": "yes",
        "toilets": "yes",
        "toilets:wheelchair": "yes",
        "wheelchair": "yes",
        "wikidata": "Q107050624",
        "wikimedia_commons": "Category:Kayışdağı Station",
        "wikipedia": "tr:Kayışdağı (İstanbul Metrosu)"
      },
      "geometry": {
        "type": "Point",
        "coordinates": [
          29.1377413,
          40.9846866
        ]
      },
      "id": "node/6932391790"
    },
    {
      "type": "Feature",
      "properties": {
        "@id": "node/6932391800",
        "air_conditioning": "yes",
        "baby_feeding": "room",
        "changing_table": "yes",
        "internet_access": "wlan",
        "internet_access:fee": "customers",
        "name": "İçerenköy",
        "network": "İstanbul Metrosu",
        "network:wikidata": "Q498172",
        "opening_hours": "Mo-Su 06:00-24:00",
        "operator": "Metro İstanbul",
        "operator:wikidata": "Q344299",
        "public_transport": "station",
        "railway": "station",
        "start_date": "2023-01-06",
        "station": "subway",
        "subway": "yes",
        "toilets": "yes",
        "toilets:wheelchair": "yes",
        "wheelchair": "yes",
        "wikidata": "Q107050623",
        "wikimedia_commons": "Category:İçerenköy Station",
        "wikipedia": "tr:İçerenköy (İstanbul Metrosu)"
      },
      "geometry": {
        "type": "Point",
        "coordinates": [
          29.1262074,
          40.9789595
        ]
      },
      "id": "node/6932391800"
    },
    {
      "type": "Feature",
      "properties": {
        "@id": "node/6932391829",
        "air_conditioning": "yes",
        "baby_feeding": "room",
        "changing_table": "yes",
        "internet_access": "wlan",
        "internet_access:fee": "customers",
        "name": "Küçükbakkalköy",
        "network": "İstanbul Metrosu",
        "network:wikidata": "Q498172",
        "opening_hours": "Mo-Su 06:00-24:00",
        "operator": "Metro İstanbul",
        "operator:wikidata": "Q344299",
        "public_transport": "station",
        "railway": "station",
        "start_date": "2023-01-06",
        "station": "subway",
        "subway": "yes",
        "toilets": "yes",
        "toilets:wheelchair": "yes",
        "wheelchair": "yes",
        "wikidata": "Q107050622",
        "wikimedia_commons": "Category:Küçükbakkalköy Station",
        "wikipedia": "tr:Küçükbakkalköy (İstanbul Metrosu)"
      },
      "geometry": {
        "type": "Point",
        "coordinates": [
          29.1118694,
          40.978931
        ]
      },
      "id": "node/6932391829"
    },
    {
      "type": "Feature",
      "properties": {
        "@id": "node/6934009752",
        "air_conditioning": "yes",
        "baby_feeding": "room",
        "changing_table": "yes",
        "internet_access": "wlan",
        "internet_access:fee": "customers",
        "name": "Ayşekadın",
        "network": "İstanbul Metrosu",
        "network:wikidata": "Q498172",
        "opening_hours": "Mo-Su 06:00-24:00",
        "operator": "Metro İstanbul",
        "operator:wikidata": "Q344299",
        "public_transport": "station",
        "railway": "station",
        "start_date": "2023-01-06",
        "station": "subway",
        "subway": "yes",
        "toilets": "yes",
        "toilets:wheelchair": "yes",
        "wheelchair": "yes",
        "wikidata": "Q107050621",
        "wikimedia_commons": "Category:Ayşekadın Station",
        "wikipedia": "tr:Ayşekadın (İstanbul Metrosu)"
      },
      "geometry": {
        "type": "Point",
        "coordinates": [
          29.0867801,
          40.9668107
        ]
      },
      "id": "node/6934009752"
    },
    {
      "type": "Feature",
      "properties": {
        "@id": "node/6934009766",
        "air_conditioning": "yes",
        "baby_feeding": "room",
        "changing_table": "yes",
        "internet_access": "wlan",
        "internet_access:fee": "customers",
        "name": "Emin Ali Paşa",
        "network": "İstanbul Metrosu",
        "network:wikidata": "Q498172",
        "opening_hours": "Mo-Su 06:00-24:00",
        "operator": "Metro İstanbul",
        "operator:wikidata": "Q344299",
        "public_transport": "station",
        "railway": "station",
        "start_date": "2023-01-06",
        "station": "subway",
        "subway": "yes",
        "toilets": "yes",
        "toilets:wheelchair": "yes",
        "wheelchair": "yes",
        "wikidata": "Q107050620",
        "wikimedia_commons": "Category:Emin Ali Paşa Station",
        "wikipedia": "tr:Emin Ali Paşa (İstanbul Metrosu)"
      },
      "geometry": {
        "type": "Point",
        "coordinates": [
          29.093549,
          40.9606909
        ]
      },
      "id": "node/6934009766"
    },
    {
      "type": "Feature",
      "properties": {
        "@id": "node/6990260797",
        "amenity": "ferry_terminal",
        "ferry": "yes",
        "name": "Kadıköy",
        "public_transport": "stop_position",
        "wheelchair": "limited"
      },
      "geometry": {
        "type": "Point",
        "coordinates": [
          29.0231286,
          40.992958
        ]
      },
      "id": "node/6990260797"
    },
    {
      "type": "Feature",
      "properties": {
        "@id": "node/6992407049",
        "name": "Kemerburgaz",
        "network": "M11",
        "operator": "TCDD Taşımacılık A.Ş.",
        "public_transport": "station",
        "railway": "station",
        "station": "subway",
        "subway": "yes",
        "wheelchair": "yes",
        "wikidata": "Q107050649",
        "wikimedia_commons": "Category:Kemerburgaz Station",
        "wikipedia": "tr:Kemerburgaz (İstanbul metrosu)"
      },
      "geometry": {
        "type": "Point",
        "coordinates": [
          28.9102378,
          41.159163
        ]
      },
      "id": "node/6992407049"
    },
    {
      "type": "Feature",
      "properties": {
        "@id": "node/7246055799",
        "name": "İstanbul Havalimanı",
        "name:it": "Aeroporto di Istanbul",
        "name:tk": "Stambul Gonalgasy",
        "network": "M11",
        "operator": "TCDD Taşımacılık A.Ş.",
        "public_transport": "station",
        "railway": "station",
        "station": "subway",
        "subway": "yes",
        "wheelchair": "yes",
        "wikidata": "Q97210232",
        "wikimedia_commons": "Category:Istanbul Havalimanı Station",
        "wikipedia": "tr:İstanbul Havalimanı (İstanbul metrosu)"
      },
      "geometry": {
        "type": "Point",
        "coordinates": [
          28.7425561,
          41.2559331
        ]
      },
      "id": "node/7246055799"
    },
    {
      "type": "Feature",
      "properties": {
        "@id": "node/7537163042",
        "amenity": "ferry_terminal",
        "ferry": "yes",
        "name": "Rumeli Hisarı İskelesi",
        "public_transport": "station"
      },
      "geometry": {
        "type": "Point",
        "coordinates": [
          29.056924,
          41.0881215
        ]
      },
      "id": "node/7537163042"
    },
    {
      "type": "Feature",
      "properties": {
        "@id": "node/7563017056",
        "air_conditioning": "yes",
        "baby_feeding": "room",
        "changing_table": "yes",
        "name": "Kozyatağı",
        "network": "İstanbul Metrosu",
        "network:wikidata": "Q498172",
        "opening_hours": "Mo-Fr 06:00-24:00; Sa-Su 00:00-24:00",
        "operator": "Metro İstanbul",
        "operator:wikidata": "Q344299",
        "public_transport": "station",
        "railway": "station",
        "start_date": "2012-08-17",
        "station": "subway",
        "subway": "yes",
        "toilets": "yes",
        "toilets:wheelchair": "yes",
        "wheelchair": "yes",
        "wikidata": "Q46704798",
        "wikimedia_commons": "Category:Kozyatağı_(M4)_Station",
        "wikipedia": "tr:Kozyatağı (M4, İstanbul Metrosu)"
      },
      "geometry": {
        "type": "Point",
        "coordinates": [
          29.0996756,
          40.97539
        ]
      },
      "id": "node/7563017056"
    },
    {
      "type": "Feature",
      "properties": {
        "@id": "node/7592073076",
        "air_conditioning": "yes",
        "baby_feeding": "room",
        "changing_table": "yes",
        "name": "Ümraniye",
        "network": "İstanbul Metrosu",
        "network:wikidata": "Q498172",
        "opening_hours": "Mo-Fr 06:00-24:00; Sa-Su 00:00-24:00",
        "operator": "Metro İstanbul",
        "operator:wikidata": "Q344299",
        "public_transport": "station",
        "railway": "station",
        "start_date": "2017-12-15",
        "station": "subway",
        "subway": "yes",
        "toilets": "yes",
        "toilets:wheelchair": "yes",
        "wheelchair": "yes",
        "wikidata": "Q46610654",
        "wikimedia_commons": "Category:Ümraniye Station",
        "wikipedia": "tr:Ümraniye (İstanbul Metrosu)"
      },
      "geometry": {
        "type": "Point",
        "coordinates": [
          29.0847972,
          41.024613
        ]
      },
      "id": "node/7592073076"
    },
    {
      "type": "Feature",
      "properties": {
        "@id": "node/7592762370",
        "air_conditioning": "yes",
        "baby_feeding": "room",
        "changing_table": "yes",
        "name": "Çarşı",
        "network": "İstanbul Metrosu",
        "network:wikidata": "Q498172",
        "opening_hours": "Mo-Fr 06:00-24:00; Sa-Su 00:00-24:00",
        "operator": "Metro İstanbul",
        "operator:wikidata": "Q344299",
        "public_transport": "station",
        "railway": "station",
        "start_date": "2017-12-15",
        "station": "subway",
        "subway": "yes",
        "toilets": "yes",
        "toilets:wheelchair": "yes",
        "wheelchair": "yes",
        "wikidata": "Q46614136",
        "wikimedia_commons": "Category:Çarşı Station",
        "wikipedia": "tr:Çarşı (M5, İstanbul Metrosu)"
      },
      "geometry": {
        "type": "Point",
        "coordinates": [
          29.097392,
          41.0259405
        ]
      },
      "id": "node/7592762370"
    },
    {
      "type": "Feature",
      "properties": {
        "@id": "node/7597279541",
        "name": "Yenikapı",
        "network": "İstanbul Metrosu",
        "network:wikidata": "Q498172",
        "operator": "Metro İstanbul",
        "operator:wikidata": "Q344299",
        "public_transport": "station",
        "railway": "station",
        "station": "subway",
        "subway": "yes",
        "toilets:wheelchair": "yes",
        "wheelchair": "yes",
        "wikidata": "Q18712646",
        "wikimedia_commons": "Category:Yenikapı Transfer Center",
        "wikipedia": "tr:Yenikapı Aktarma Merkezi"
      },
      "geometry": {
        "type": "Point",
        "coordinates": [
          28.9514872,
          41.0056529
        ]
      },
      "id": "node/7597279541"
    },
    {
      "type": "Feature",
      "properties": {
        "@id": "node/7673925409",
        "addr:city": "İstanbul",
        "addr:district": "Bağcılar",
        "name": "Kirazlı",
        "network": "M3",
        "operator": "Metro İstanbul",
        "public_transport": "station",
        "railway": "station",
        "station": "subway",
        "subway": "yes",
        "wheelchair": "yes",
        "wikidata": "Q113506602",
        "wikimedia_commons": "Category:Kirazlı (M3) Station"
      },
      "geometry": {
        "type": "Point",
        "coordinates": [
          28.8429812,
          41.03199
        ]
      },
      "id": "node/7673925409"
    },
    {
      "type": "Feature",
      "properties": {
        "@id": "node/7680399992",
        "air_conditioning": "yes",
        "baby_feeding": "room",
        "changing_table": "yes",
        "name": "Üsküdar",
        "network": "İstanbul Metrosu",
        "network:wikidata": "Q498172",
        "opening_hours": "Mo-Fr 06:00-24:00; Sa-Su 00:00-24:00",
        "operator": "Metro İstanbul",
        "operator:wikidata": "Q344299",
        "public_transport": "station",
        "railway": "station",
        "start_date": "2017-12-15",
        "station": "subway",
        "subway": "yes",
        "toilets": "yes",
        "toilets:wheelchair": "yes",
        "wheelchair": "yes",
        "wikidata": "Q46593284",
        "wikimedia_commons": "Category:Üsküdar Station",
        "wikipedia": "tr:Üsküdar (İstanbul Metrosu)"
      },
      "geometry": {
        "type": "Point",
        "coordinates": [
          29.0127634,
          41.0253395
        ]
      },
      "id": "node/7680399992"
    },
    {
      "type": "Feature",
      "properties": {
        "@id": "node/7681187640",
        "name": "Zeytinburnu",
        "public_transport": "stop_position",
        "railway": "tram_stop",
        "tram": "yes"
      },
      "geometry": {
        "type": "Point",
        "coordinates": [
          28.8901578,
          41.0015333
        ]
      },
      "id": "node/7681187640"
    },
    {
      "type": "Feature",
      "properties": {
        "@id": "node/7711133901",
        "name": "Cevizlibağ-A.Ö.Y.",
        "public_transport": "stop_position",
        "railway": "tram_stop",
        "tram": "yes",
        "wheelchair": "limited"
      },
      "geometry": {
        "type": "Point",
        "coordinates": [
          28.9116187,
          41.0159992
        ]
      },
      "id": "node/7711133901"
    },
    {
      "type": "Feature",
      "properties": {
        "@id": "node/7713018888",
        "air_conditioning": "yes",
        "baby_feeding": "room",
        "changing_table": "yes",
        "name": "Hastane Adliye",
        "network": "İstanbul Metrosu",
        "network:wikidata": "Q498172",
        "opening_hours": "Mo-Fr 06:00-24:00; Sa-Su 00:00-24:00",
        "operator": "Metro İstanbul",
        "operator:wikidata": "Q344299",
        "public_transport": "station",
        "railway": "station",
        "start_date": "2012-08-17",
        "station": "subway",
        "subway": "yes",
        "toilets": "yes",
        "toilets:wheelchair": "yes",
        "wheelchair": "yes",
        "wikidata": "Q46729278",
        "wikimedia_commons": "Category:Hastane - Adliye Station",
        "wikipedia": "tr:Hastane-Adliye"
      },
      "geometry": {
        "type": "Point",
        "coordinates": [
          29.1783001,
          40.9163935
        ]
      },
      "id": "node/7713018888"
    },
    {
      "type": "Feature",
      "properties": {
        "@id": "node/7721147946",
        "check_date": "2025-04-07",
        "name": "Haliç",
        "network": "İstanbul Metrosu",
        "network:wikidata": "Q498172",
        "operator": "Metro İstanbul",
        "operator:wikidata": "Q344299",
        "public_transport": "station",
        "railway": "station",
        "station": "subway",
        "subway": "yes",
        "wheelchair": "yes",
        "wikidata": "Q18786563",
        "wikimedia_commons": "Category:Haliç Station",
        "wikipedia": "tr:Haliç (İstanbul metrosu)"
      },
      "geometry": {
        "type": "Point",
        "coordinates": [
          28.9666792,
          41.02269
        ]
      },
      "id": "node/7721147946"
    },
    {
      "type": "Feature",
      "properties": {
        "@id": "node/7721147948",
        "layer": "-2",
        "name": "Şişhane",
        "network": "İstanbul Metrosu",
        "network:wikidata": "Q498172",
        "operator": "Metro İstanbul",
        "operator:wikidata": "Q344299",
        "public_transport": "station",
        "railway": "station",
        "station": "subway",
        "subway": "yes",
        "wheelchair": "yes",
        "wikidata": "Q19613987",
        "wikimedia_commons": "Category:Şişhane Station",
        "wikipedia": "tr:Şişhane (İstanbul metrosu)"
      },
      "geometry": {
        "type": "Point",
        "coordinates": [
          28.9727191,
          41.0282743
        ]
      },
      "id": "node/7721147948"
    },
    {
      "type": "Feature",
      "properties": {
        "@id": "node/7721147949",
        "name": "Taksim",
        "name:ar": "تقسيم",
        "network": "İstanbul Metrosu",
        "network:wikidata": "Q498172",
        "operator": "Metro İstanbul",
        "operator:wikidata": "Q344299",
        "public_transport": "station",
        "railway": "station",
        "station": "subway",
        "subway": "yes",
        "wheelchair": "yes",
        "wikidata": "Q16952987",
        "wikimedia_commons": "Category:Taksim Transfer Center",
        "wikipedia": "tr:Taksim Aktarma Merkezi"
      },
      "geometry": {
        "type": "Point",
        "coordinates": [
          28.985549,
          41.0380506
        ]
      },
      "id": "node/7721147949"
    },
    {
      "type": "Feature",
      "properties": {
        "@id": "node/7721147951",
        "name": "Osmanbey",
        "network": "İstanbul Metrosu",
        "network:wikidata": "Q498172",
        "operator": "Metro İstanbul",
        "operator:wikidata": "Q344299",
        "public_transport": "station",
        "railway": "station",
        "station": "subway",
        "subway": "yes",
        "wheelchair": "yes",
        "wikidata": "Q20718086",
        "wikimedia_commons": "Category:Osmanbey Station",
        "wikipedia": "tr:Osmanbey (İstanbul metrosu)"
      },
      "geometry": {
        "type": "Point",
        "coordinates": [
          28.9874046,
          41.0527755
        ]
      },
      "id": "node/7721147951"
    },
    {
      "type": "Feature",
      "properties": {
        "@id": "node/7721147954",
        "addr:street": "Halaskargazi Caddesi",
        "name": "Şişli-Mecidiyeköy",
        "network": "İstanbul Metrosu",
        "network:wikidata": "Q498172",
        "operator": "Metro İstanbul",
        "operator:wikidata": "Q344299",
        "public_transport": "station",
        "railway": "station",
        "station": "subway",
        "subway": "yes",
        "wheelchair": "yes",
        "wikidata": "Q19613989",
        "wikimedia_commons": "Category:Şişli-Mecidiyeköy Station",
        "wikipedia": "tr:Şişli-Mecidiyeköy"
      },
      "geometry": {
        "type": "Point",
        "coordinates": [
          28.9927696,
          41.0645059
        ]
      },
      "id": "node/7721147954"
    },
    {
      "type": "Feature",
      "properties": {
        "@id": "node/7722103243",
        "air_conditioning": "yes",
        "baby_feeding": "room",
        "changing_table": "yes",
        "internet_access": "yes",
        "name": "Bağcılar Meydan",
        "network": "İstanbul Metrosu",
        "network:wikidata": "Q498172",
        "opening_hours": "Mo-Fr 06:00-24:00 Sa-Su 00:00-24:00",
        "operator": "Metro İstanbul",
        "operator:wikidata": "Q344299",
        "public_transport": "station",
        "railway": "station",
        "start_date": "2013-06-14",
        "station": "subway",
        "subway": "yes",
        "toilets": "yes",
        "toilets:wheelchair": "yes",
        "wheelchair": "yes",
        "wikidata": "Q28197516",
        "wikimedia_commons": "Category:Bağcılar Meydan Station",
        "wikipedia": "tr:Bağcılar Meydan (İstanbul metrosu)"
      },
      "geometry": {
        "type": "Point",
        "coordinates": [
          28.8566398,
          41.0346825
        ]
      },
      "id": "node/7722103243"
    },
    {
      "type": "Feature",
      "properties": {
        "@id": "node/7722103244",
        "air_conditioning": "yes",
        "baby_feeding": "room",
        "changing_table": "yes",
        "internet_access": "yes",
        "name": "Üçyüzlü",
        "network": "İstanbul Metrosu",
        "network:wikidata": "Q498172",
        "opening_hours": "Mo-Fr 06:00-24:00 Sa-Su 00:00-24:00",
        "operator": "Metro İstanbul",
        "operator:wikidata": "Q344299",
        "public_transport": "station",
        "railway": "station",
        "start_date": "2013-06-14",
        "station": "subway",
        "subway": "yes",
        "toilets": "yes",
        "toilets:wheelchair": "yes",
        "wheelchair": "yes",
        "wikidata": "Q21528350",
        "wikimedia_commons": "Category:Üçyüzlü Station",
        "wikipedia": "tr:Üçyüzlü (İstanbul metrosu)"
      },
      "geometry": {
        "type": "Point",
        "coordinates": [
          28.8706993,
          41.0367017
        ]
      },
      "id": "node/7722103244"
    },
    {
      "type": "Feature",
      "properties": {
        "@id": "node/7722103245",
        "air_conditioning": "yes",
        "baby_feeding": "room",
        "changing_table": "yes",
        "internet_access": "yes",
        "name": "Menderes",
        "network": "İstanbul Metrosu",
        "network:wikidata": "Q498172",
        "opening_hours": "Mo-Fr 06:00-24:00 Sa-Su 00:00-24:00",
        "operator": "Metro İstanbul",
        "operator:wikidata": "Q344299",
        "public_transport": "station",
        "railway": "station",
        "start_date": "2013-06-14",
        "station": "subway",
        "subway": "yes",
        "toilets": "yes",
        "toilets:wheelchair": "yes",
        "wheelchair": "yes",
        "wikidata": "Q21526608",
        "wikimedia_commons": "Category:Menderes Station",
        "wikipedia": "tr:Menderes (İstanbul metrosu)"
      },
      "geometry": {
        "type": "Point",
        "coordinates": [
          28.8784952,
          41.0427411
        ]
      },
      "id": "node/7722103245"
    },
    {
      "type": "Feature",
      "properties": {
        "@id": "node/7722103246",
        "name": "Esenler",
        "network": "İstanbul Metrosu",
        "public_transport": "station",
        "railway": "station",
        "station": "subway",
        "subway": "yes",
        "wheelchair": "yes",
        "wikidata": "Q21525098",
        "wikipedia": "tr:Esenler (İstanbul metrosu)"
      },
      "geometry": {
        "type": "Point",
        "coordinates": [
          28.8885873,
          41.0375744
        ]
      },
      "id": "node/7722103246"
    },
    {
      "type": "Feature",
      "properties": {
        "@id": "node/7722103247",
        "name": "Otogar",
        "network": "M1",
        "operator": "Metro İstanbul",
        "public_transport": "station",
        "railway": "station",
        "station": "subway",
        "subway": "yes",
        "wheelchair": "no",
        "wikidata": "Q18809273",
        "wikimedia_commons": "Category:Otogar Station",
        "wikipedia": "tr:Otogar (İstanbul metrosu)"
      },
      "geometry": {
        "type": "Point",
        "coordinates": [
          28.8946029,
          41.0402205
        ]
      },
      "id": "node/7722103247"
    },
    {
      "type": "Feature",
      "properties": {
        "@id": "node/7722103248",
        "name": "Kocatepe",
        "network": "M1",
        "operator": "Metro İstanbul",
        "public_transport": "station",
        "railway": "station",
        "station": "subway",
        "subway": "yes",
        "wheelchair": "yes",
        "wikidata": "Q23707243",
        "wikimedia_commons": "Category:Kocatepe Station",
        "wikipedia": "tr:Kocatepe (İstanbul metrosu)"
      },
      "geometry": {
        "type": "Point",
        "coordinates": [
          28.8954925,
          41.0484359
        ]
      },
      "id": "node/7722103248"
    },
    {
      "type": "Feature",
      "properties": {
        "@id": "node/7722103249",
        "name": "Sağmalcılar",
        "network": "M1",
        "operator": "Metro İstanbul",
        "public_transport": "station",
        "railway": "station",
        "station": "subway",
        "subway": "yes",
        "wheelchair": "yes",
        "wikidata": "Q20718118",
        "wikimedia_commons": "Category:Sağmalcılar Station",
        "wikipedia": "tr:Sağmalcılar (İstanbul Metrosu)"
      },
      "geometry": {
        "type": "Point",
        "coordinates": [
          28.9072178,
          41.0408573
        ]
      },
      "id": "node/7722103249"
    },
    {
      "type": "Feature",
      "properties": {
        "@id": "node/7722103250",
        "name": "Bayrampaşa-Maltepe",
        "name:ar": "بيرام باشا - مال تيبي",
        "network": "İstanbul Metrosu",
        "public_transport": "station",
        "railway": "station",
        "station": "subway",
        "subway": "yes",
        "wheelchair": "yes",
        "wikidata": "Q20313065",
        "wikimedia_commons": "Category:Bayrampaşa - Maltepe Station",
        "wikipedia": "tr:Bayrampaşa - Maltepe (İstanbul metrosu)"
      },
      "geometry": {
        "type": "Point",
        "coordinates": [
          28.9202627,
          41.0341072
        ]
      },
      "id": "node/7722103250"
    },
    {
      "type": "Feature",
      "properties": {
        "@id": "node/7722103251",
        "name": "Topkapı Ulubatlı",
        "name:ar": "محطة مترو توبكابي أولوباتلِ",
        "network": "M1",
        "operator": "Metro İstanbul",
        "public_transport": "station",
        "railway": "station",
        "station": "subway",
        "subway": "yes",
        "wheelchair": "yes",
        "wikidata": "Q20718167",
        "wikimedia_commons": "Category:Topkapı - Ulubatlı Station",
        "wikipedia": "tr:Topkapı - Ulubatlı (İstanbul metrosu)"
      },
      "geometry": {
        "type": "Point",
        "coordinates": [
          28.9305575,
          41.0239057
        ]
      },
      "id": "node/7722103251"
    },
    {
      "type": "Feature",
      "properties": {
        "@id": "node/7722103254",
        "name": "Aksaray",
        "name:ar": "أكساراي",
        "network": "İstanbul Metrosu",
        "public_transport": "station",
        "railway": "station",
        "station": "subway",
        "subway": "yes",
        "wheelchair": "yes",
        "wikidata": "Q19610449",
        "wikimedia_commons": "Category:Aksaray Station",
        "wikipedia": "en:Aksaray (Istanbul Metro)"
      },
      "geometry": {
        "type": "Point",
        "coordinates": [
          28.9481445,
          41.0119976
        ]
      },
      "id": "node/7722103254"
    },
    {
      "type": "Feature",
      "properties": {
        "@id": "node/7722103255",
        "layer": "-2",
        "name": "Yenikapı",
        "name:ar": "محطة مترو يني كابي (M1)",
        "network": "İstanbul Metrosu",
        "network:wikidata": "Q498172",
        "operator": "Metro İstanbul",
        "operator:wikidata": "Q344299",
        "public_transport": "station",
        "railway": "station",
        "station": "subway",
        "subway": "yes",
        "wheelchair": "yes",
        "wikidata": "Q18712646",
        "wikimedia_commons": "Category:Yenikapı Transfer Center",
        "wikipedia": "tr:Yenikapı Aktarma Merkezi"
      },
      "geometry": {
        "type": "Point",
        "coordinates": [
          28.9505178,
          41.0057787
        ]
      },
      "id": "node/7722103255"
    },
    {
      "type": "Feature",
      "properties": {
        "@id": "node/7722103256",
        "name": "Terazidere",
        "network": "M1",
        "operator": "Metro İstanbul",
        "public_transport": "station",
        "railway": "station",
        "station": "subway",
        "subway": "yes",
        "wheelchair": "yes",
        "wikidata": "Q21527121",
        "wikipedia": "tr:Terazidere (İstanbul metrosu)"
      },
      "geometry": {
        "type": "Point",
        "coordinates": [
          28.8978698,
          41.0304621
        ]
      },
      "id": "node/7722103256"
    },
    {
      "type": "Feature",
      "properties": {
        "@id": "node/7722103257",
        "name": "Zeytinburnu",
        "network": "M1",
        "operator": "Metro İstanbul",
        "public_transport": "station",
        "railway": "station",
        "station": "subway",
        "subway": "yes",
        "wheelchair": "yes",
        "wikidata": "Q21527390",
        "wikimedia_commons": "Category:Zeytinburnu Transfer Center",
        "wikipedia": "tr:Zeytinburnu Aktarma Merkezi"
      },
      "geometry": {
        "type": "Point",
        "coordinates": [
          28.8899747,
          41.0017169
        ]
      },
      "id": "node/7722103257"
    },
    {
      "type": "Feature",
      "properties": {
        "@id": "node/7722103258",
        "name": "Merter",
        "network": "M1",
        "operator": "Metro İstanbul",
        "public_transport": "station",
        "railway": "station",
        "station": "subway",
        "subway": "yes",
        "wheelchair": "yes",
        "wikidata": "Q21526619",
        "wikimedia_commons": "Category:Merter Station",
        "wikipedia": "tr:Merter (İstanbul Metrosu)"
      },
      "geometry": {
        "type": "Point",
        "coordinates": [
          28.8961837,
          41.007618
        ]
      },
      "id": "node/7722103258"
    },
    {
      "type": "Feature",
      "properties": {
        "@id": "node/7722103259",
        "name": "Bahçelievler",
        "network": "M1",
        "operator": "Metro İstanbul",
        "public_transport": "station",
        "railway": "station",
        "station": "subway",
        "subway": "yes",
        "wheelchair": "yes",
        "wikidata": "Q25352377",
        "wikimedia_commons": "Category:Bahçelievler Station",
        "wikipedia": "tr:Bahçelievler (İstanbul metrosu)"
      },
      "geometry": {
        "type": "Point",
        "coordinates": [
          28.8633136,
          40.9954814
        ]
      },
      "id": "node/7722103259"
    },
    {
      "type": "Feature",
      "properties": {
        "@id": "node/7722103260",
        "name": "Ataköy-Şirinevler",
        "network": "M1",
        "operator": "Metro İstanbul",
        "public_transport": "station",
        "railway": "station",
        "station": "subway",
        "subway": "yes",
        "wheelchair": "yes",
        "wikidata": "Q46811073",
        "wikimedia_commons": "Category:Ataköy - Şirinevler Station",
        "wikipedia": "tr:Ataköy - Şirinevler (İstanbul metrosu)"
      },
      "geometry": {
        "type": "Point",
        "coordinates": [
          28.8457709,
          40.9913785
        ]
      },
      "id": "node/7722103260"
    },
    {
      "type": "Feature",
      "properties": {
        "@id": "node/7722103261",
        "name": "Yenibosna",
        "network": "İstanbul Metrosu",
        "operator": "Metro İstanbul",
        "public_transport": "station",
        "railway": "station",
        "station": "subway",
        "subway": "yes",
        "wheelchair": "yes",
        "wikidata": "Q21527336",
        "wikimedia_commons": "Category:Yenibosna (M1) Station",
        "wikipedia": "tr:Yenibosna (İstanbul metrosu)"
      },
      "geometry": {
        "type": "Point",
        "coordinates": [
          28.8368204,
          40.9893998
        ]
      },
      "id": "node/7722103261"
    },
    {
      "type": "Feature",
      "properties": {
        "@id": "node/7722103262",
        "name": "DTM-İstanbul Fuar Merkezi",
        "name:ar": "معرض إسطنبول",
        "network": "İstanbul Metrosu",
        "operator": "Metro İstanbul",
        "public_transport": "station",
        "railway": "station",
        "station": "subway",
        "subway": "yes",
        "wheelchair": "yes",
        "wikidata": "Q21525028",
        "wikimedia_commons": "Category:DTM—İstanbul Fuar Merkezi Station",
        "wikipedia": "tr:DTM - İstanbul Fuar Merkezi (İstanbul metrosu)"
      },
      "geometry": {
        "type": "Point",
        "coordinates": [
          28.8284735,
          40.986602
        ]
      },
      "id": "node/7722103262"
    },
    {
      "type": "Feature",
      "properties": {
        "@id": "node/7722103263",
        "name": "Atatürk Havalimanı",
        "name:ar": "مطار أتاتورك",
        "network": "İstanbul Metrosu",
        "public_transport": "station",
        "railway": "station",
        "station": "subway",
        "subway": "yes",
        "wikidata": "Q18712770",
        "wikimedia_commons": "Category:Atatürk Havalimanı Station",
        "wikipedia": "tr:Atatürk Havalimanı (İstanbul metrosu)"
      },
      "geometry": {
        "type": "Point",
        "coordinates": [
          28.8211267,
          40.9797455
        ]
      },
      "id": "node/7722103263"
    },
    {
      "type": "Feature",
      "properties": {
        "@id": "node/7723416062",
        "name": "Boğaziçi Üniversitesi/Hisarüstü",
        "network": "İstanbul Metrosu",
        "network:wikidata": "Q498172",
        "operator": "Metro İstanbul",
        "operator:wikidata": "Q344299",
        "public_transport": "station",
        "railway": "station",
        "station": "subway",
        "subway": "yes",
        "wheelchair": "yes",
        "wikidata": "Q20646948",
        "wikimedia_commons": "Category:Boğaziçi Üniversitesi - Hisarüstü (M6) Station",
        "wikipedia": "tr:Boğaziçi Üniversitesi/Hisarüstü (İstanbul Metrosu)"
      },
      "geometry": {
        "type": "Point",
        "coordinates": [
          29.0456413,
          41.0851345
        ]
      },
      "id": "node/7723416062"
    },
    {
      "type": "Feature",
      "properties": {
        "@id": "node/7725394063",
        "name": "4. Levent",
        "network": "İstanbul Metrosu",
        "network:wikidata": "Q498172",
        "operator": "Metro İstanbul",
        "operator:wikidata": "Q344299",
        "public_transport": "station",
        "railway": "station",
        "station": "subway",
        "subway": "yes",
        "wheelchair": "yes",
        "wikidata": "Q20312758",
        "wikimedia_commons": "Category:4. Levent Station",
        "wikipedia": "tr:4. Levent (İstanbul Metrosu)"
      },
      "geometry": {
        "type": "Point",
        "coordinates": [
          29.0071653,
          41.086111
        ]
      },
      "id": "node/7725394063"
    },
    {
      "type": "Feature",
      "properties": {
        "@id": "node/7725394066",
        "internet_access": "no",
        "name": "İTÜ-Ayazağa",
        "network": "İstanbul Metrosu",
        "network:wikidata": "Q498172",
        "operator": "Metro İstanbul",
        "operator:wikidata": "Q344299",
        "public_transport": "station",
        "railway": "station",
        "station": "subway",
        "subway": "yes",
        "wheelchair": "yes",
        "wikidata": "Q20717475",
        "wikimedia_commons": "Category:İTÜ-Ayazağa Station",
        "wikipedia": "tr:İTÜ-Ayazağa"
      },
      "geometry": {
        "type": "Point",
        "coordinates": [
          29.0209695,
          41.1080715
        ]
      },
      "id": "node/7725394066"
    },
    {
      "type": "Feature",
      "properties": {
        "@id": "node/7725394070",
        "name": "Darüşşafaka",
        "network": "İstanbul Metrosu",
        "network:wikidata": "Q498172",
        "operator": "Metro İstanbul",
        "operator:wikidata": "Q344299",
        "public_transport": "station",
        "railway": "station",
        "station": "subway",
        "subway": "yes",
        "wheelchair": "yes",
        "wikidata": "Q20717238",
        "wikimedia_commons": "Category:Darüşşafaka Station",
        "wikipedia": "tr:Darüşşafaka (İstanbul metrosu)"
      },
      "geometry": {
        "type": "Point",
        "coordinates": [
          29.0250803,
          41.1292759
        ]
      },
      "id": "node/7725394070"
    },
    {
      "type": "Feature",
      "properties": {
        "@id": "node/7725394072",
        "name": "Hacıosman",
        "network": "İstanbul Metrosu",
        "network:wikidata": "Q498172",
        "operator": "Metro İstanbul",
        "operator:wikidata": "Q344299",
        "public_transport": "station",
        "railway": "station",
        "station": "subway",
        "subway": "yes",
        "wheelchair": "yes",
        "wikidata": "Q18791428",
        "wikimedia_commons": "Category:Hacıosman Station",
        "wikipedia": "tr:Hacıosman (İstanbul Metrosu)"
      },
      "geometry": {
        "type": "Point",
        "coordinates": [
          29.0304548,
          41.1397645
        ]
      },
      "id": "node/7725394072"
    },
    {
      "type": "Feature",
      "properties": {
        "@id": "node/7726686090",
        "air_conditioning": "yes",
        "baby_feeding": "room",
        "changing_table": "yes",
        "internet_access": "wlan",
        "internet_access:fee": "customers",
        "name": "Oruç Reis",
        "network": "İstanbul Metrosu",
        "network:wikidata": "Q498172",
        "opening_hours": "Mo-Fr 06:00-24:00; Sa-Su 00:00-24:00",
        "operator": "Metro İstanbul",
        "operator:wikidata": "Q344299",
        "public_transport": "station",
        "railway": "station",
        "start_date": "2020-10-28",
        "station": "subway",
        "subway": "yes",
        "toilets": "yes",
        "toilets:wheelchair": "yes",
        "wheelchair": "yes",
        "wikidata": "Q107050616",
        "wikimedia_commons": "Category:Oruç Reis Station",
        "wikipedia": "tr:Oruç Reis (İstanbul Metrosu)"
      },
      "geometry": {
        "type": "Point",
        "coordinates": [
          28.8554546,
          41.0627949
        ]
      },
      "id": "node/7726686090"
    },
    {
      "type": "Feature",
      "properties": {
        "@id": "node/7726686093",
        "air_conditioning": "yes",
        "baby_feeding": "room",
        "changing_table": "yes",
        "internet_access": "wlan",
        "internet_access:fee": "customers",
        "name": "Göztepe",
        "network": "İstanbul Metrosu",
        "network:wikidata": "Q498172",
        "opening_hours": "Mo-Fr 06:00-24:00; Sa-Su 00:00-24:00",
        "operator": "Metro İstanbul",
        "operator:wikidata": "Q344299",
        "public_transport": "station",
        "railway": "station",
        "start_date": "2020-10-28",
        "station": "subway",
        "subway": "yes",
        "toilets": "yes",
        "toilets:wheelchair": "yes",
        "wheelchair": "yes",
        "wikidata": "Q100980904",
        "wikimedia_commons": "Category:Göztepe Mahallesi Station",
        "wikipedia": "tr:Göztepe Mahallesi (İstanbul Metrosu)"
      },
      "geometry": {
        "type": "Point",
        "coordinates": [
          28.8479795,
          41.056831
        ]
      },
      "id": "node/7726686093"
    },
    {
      "type": "Feature",
      "properties": {
        "@id": "node/7736966921",
        "air_conditioning": "yes",
        "baby_feeding": "room",
        "changing_table": "yes",
        "name": "Huzurevi",
        "network": "İstanbul Metrosu",
        "network:wikidata": "Q498172",
        "opening_hours": "Mo-Fr 06:00-24:00; Sa-Su 00:00-24:00",
        "operator": "Metro İstanbul",
        "operator:wikidata": "Q344299",
        "public_transport": "station",
        "railway": "station",
        "start_date": "2012-08-17",
        "station": "subway",
        "subway": "yes",
        "toilets": "yes",
        "toilets:wheelchair": "yes",
        "wheelchair": "yes",
        "wikidata": "Q46723536",
        "wikimedia_commons": "Category:Huzurevi Station",
        "wikipedia": "tr:Huzurevi (İstanbul Metrosu)"
      },
      "geometry": {
        "type": "Point",
        "coordinates": [
          29.1468056,
          40.9299537
        ]
      },
      "id": "node/7736966921"
    },
    {
      "type": "Feature",
      "properties": {
        "@id": "node/7736966922",
        "air_conditioning": "yes",
        "baby_feeding": "room",
        "changing_table": "yes",
        "name": "Gülsuyu",
        "network": "İstanbul Metrosu",
        "network:wikidata": "Q498172",
        "opening_hours": "Mo-Fr 06:00-24:00; Sa-Su 00:00-24:00",
        "operator": "Metro İstanbul",
        "operator:wikidata": "Q344299",
        "public_transport": "station",
        "railway": "station",
        "start_date": "2012-08-17",
        "station": "subway",
        "subway": "yes",
        "toilets": "yes",
        "toilets:wheelchair": "yes",
        "wheelchair": "yes",
        "wikidata": "Q46724388",
        "wikimedia_commons": "Category:Gülsuyu Station",
        "wikipedia": "tr:Gülsuyu (İstanbul Metrosu)"
      },
      "geometry": {
        "type": "Point",
        "coordinates": [
          29.1547148,
          40.9238717
        ]
      },
      "id": "node/7736966922"
    },
    {
      "type": "Feature",
      "properties": {
        "@id": "node/7736966924",
        "air_conditioning": "yes",
        "baby_feeding": "room",
        "changing_table": "yes",
        "name": "Esenkent",
        "network": "İstanbul Metrosu",
        "network:wikidata": "Q498172",
        "opening_hours": "Mo-Fr 06:00-24:00; Sa-Su 00:00-24:00",
        "operator": "Metro İstanbul",
        "operator:wikidata": "Q344299",
        "public_transport": "station",
        "railway": "station",
        "start_date": "2012-08-17",
        "station": "subway",
        "subway": "yes",
        "toilets": "yes",
        "toilets:wheelchair": "yes",
        "wheelchair": "yes",
        "wikidata": "Q46727132",
        "wikimedia_commons": "Category:Esenkent Station",
        "wikipedia": "tr:Esenkent (M4, İstanbul Metrosu)"
      },
      "geometry": {
        "type": "Point",
        "coordinates": [
          29.1664075,
          40.920837
        ]
      },
      "id": "node/7736966924"
    },
    {
      "type": "Feature",
      "properties": {
        "@id": "node/7736966926",
        "air_conditioning": "yes",
        "baby_feeding": "room",
        "changing_table": "yes",
        "name": "Soğanlık",
        "network": "İstanbul Metrosu",
        "network:wikidata": "Q498172",
        "opening_hours": "Mo-Fr 06:00-24:00; Sa-Su 00:00-24:00",
        "operator": "Metro İstanbul",
        "operator:wikidata": "Q344299",
        "public_transport": "station",
        "railway": "station",
        "start_date": "2012-08-17",
        "station": "subway",
        "subway": "yes",
        "toilets": "yes",
        "toilets:wheelchair": "yes",
        "wheelchair": "yes",
        "wikidata": "Q46734525",
        "wikimedia_commons": "Category:Soğanlık Station",
        "wikipedia": "tr:Soğanlık (İstanbul Metrosu)"
      },
      "geometry": {
        "type": "Point",
        "coordinates": [
          29.1924269,
          40.9132162
        ]
      },
      "id": "node/7736966926"
    },
    {
      "type": "Feature",
      "properties": {
        "@id": "node/7812056961",
        "funicular": "yes",
        "name": "Kabataş",
        "name:en": "Kabataş",
        "name:ru": "Кабаташ",
        "operator": "Metro İstanbul",
        "public_transport": "station",
        "railway": "station",
        "station": "funicular",
        "wheelchair": "yes",
        "wikidata": "Q25472474",
        "wikimedia_commons": "Category:Kabataş Transfer Center",
        "wikipedia": "tr:Kabataş Aktarma Merkezi"
      },
      "geometry": {
        "type": "Point",
        "coordinates": [
          28.992264,
          41.0339358
        ]
      },
      "id": "node/7812056961"
    },
    {
      "type": "Feature",
      "properties": {
        "@id": "node/7813094317",
        "amenity": "ferry_terminal",
        "ferry": "yes",
        "name": "Üsküdar",
        "operator": "Dentur Avrasya",
        "public_transport": "station",
        "toilets:wheelchair": "no",
        "wheelchair": "no"
      },
      "geometry": {
        "type": "Point",
        "coordinates": [
          29.0159251,
          41.0281629
        ]
      },
      "id": "node/7813094317"
    },
    {
      "type": "Feature",
      "properties": {
        "@id": "node/7837065862",
        "name": "Damga Sokak",
        "public_transport": "stop_position",
        "railway": "tram_stop",
        "tram": "yes",
        "wikidata": "Q97207525",
        "wikimedia_commons": "Category:Damga Sokak (tram station)",
        "wikipedia": "tr:Damga Sokak (İstanbul Tramvayı)"
      },
      "geometry": {
        "type": "Point",
        "coordinates": [
          29.0205606,
          40.9888514
        ]
      },
      "id": "node/7837065862"
    },
    {
      "type": "Feature",
      "properties": {
        "@id": "node/7974014818",
        "air_conditioning": "yes",
        "baby_feeding": "room",
        "changing_table": "yes",
        "internet_access": "no",
        "name": "Şehir Hastanesi",
        "network": "İstanbul Metrosu",
        "network:wikidata": "Q498172",
        "opening_hours": "Mo-Su 06:00-24:00",
        "operator": "Metro İstanbul",
        "operator:wikidata": "Q344299",
        "public_transport": "station",
        "railway": "station",
        "start_date": "2023-04-08",
        "station": "subway",
        "subway": "yes",
        "toilets": "yes",
        "toilets:wheelchair": "yes",
        "wheelchair": "yes",
        "wikidata": "Q109315683",
        "wikimedia_commons": "Category:Şehir Hastanesi (M3) Station",
        "wikipedia": "tr:Şehir Hastanesi (M3, İstanbul Metrosu)"
      },
      "geometry": {
        "type": "Point",
        "coordinates": [
          28.7772334,
          41.1032301
        ]
      },
      "id": "node/7974014818"
    },
    {
      "type": "Feature",
      "properties": {
        "@id": "node/7974014819",
        "air_conditioning": "yes",
        "baby_feeding": "room",
        "changing_table": "yes",
        "internet_access": "no",
        "name": "Molla Gürani",
        "network": "İstanbul Metrosu",
        "network:wikidata": "Q498172",
        "opening_hours": "Mo-Su 06:00-24:00",
        "operator": "Metro İstanbul",
        "operator:wikidata": "Q344299",
        "public_transport": "station",
        "railway": "station",
        "start_date": "2024-03-10",
        "station": "subway",
        "subway": "yes",
        "toilets": "yes",
        "toilets:wheelchair": "yes",
        "wheelchair": "yes",
        "wikidata": "Q113512779",
        "wikimedia_commons": "Category:Molla Gürani Station",
        "wikipedia": "tr:Molla Gürani (İstanbul Metrosu)"
      },
      "geometry": {
        "type": "Point",
        "coordinates": [
          28.8479604,
          41.0259439
        ]
      },
      "id": "node/7974014819"
    },
    {
      "type": "Feature",
      "properties": {
        "@id": "node/7974014820",
        "air_conditioning": "yes",
        "baby_feeding": "room",
        "changing_table": "yes",
        "internet_access": "no",
        "name": "Yıldıztepe",
        "network": "İstanbul Metrosu",
        "network:wikidata": "Q498172",
        "opening_hours": "Mo-Su 06:00-24:00",
        "operator": "Metro İstanbul",
        "operator:wikidata": "Q344299",
        "public_transport": "station",
        "railway": "station",
        "start_date": "2025-10-08",
        "station": "subway",
        "subway": "yes",
        "toilets": "yes",
        "toilets:wheelchair": "yes",
        "wheelchair": "yes",
        "wikidata": "Q113512784",
        "wikimedia_commons": "Category:Yıldıztepe Station",
        "wikipedia": "tr:Yıldıztepe (İstanbul Metrosu)"
      },
      "geometry": {
        "type": "Point",
        "coordinates": [
          28.8577509,
          41.0194161
        ]
      },
      "id": "node/7974014820"
    },
    {
      "type": "Feature",
      "properties": {
        "@id": "node/7974014821",
        "air_conditioning": "yes",
        "baby_feeding": "room",
        "changing_table": "yes",
        "internet_access": "no",
        "name": "İlkyuva",
        "network": "İstanbul Metrosu",
        "network:wikidata": "Q498172",
        "opening_hours": "Mo-Su 06:00-24:00",
        "operator": "Metro İstanbul",
        "operator:wikidata": "Q344299",
        "public_transport": "station",
        "railway": "station",
        "start_date": "2024-03-10",
        "station": "subway",
        "subway": "yes",
        "toilets": "yes",
        "toilets:wheelchair": "yes",
        "wheelchair": "yes",
        "wikidata": "Q113512786",
        "wikimedia_commons": "Category:İlkyuva Station",
        "wikipedia": "tr:İlkyuva (İstanbul Metrosu)"
      },
      "geometry": {
        "type": "Point",
        "coordinates": [
          28.8655579,
          41.0116361
        ]
      },
      "id": "node/7974014821"
    },
    {
      "type": "Feature",
      "properties": {
        "@id": "node/7974014822",
        "air_conditioning": "yes",
        "baby_feeding": "room",
        "changing_table": "yes",
        "internet_access": "no",
        "name": "Haznedar",
        "network": "İstanbul Metrosu",
        "network:wikidata": "Q498172",
        "opening_hours": "Mo-Su 06:00-24:00",
        "operator": "Metro İstanbul",
        "operator:wikidata": "Q344299",
        "public_transport": "station",
        "railway": "station",
        "start_date": "2024-03-10",
        "station": "subway",
        "subway": "yes",
        "toilets": "yes",
        "toilets:wheelchair": "yes",
        "wheelchair": "yes",
        "wikidata": "Q113512787",
        "wikimedia_commons": "Category:Haznedar Station",
        "wikipedia": "tr:Haznedar (İstanbul Metrosu)"
      },
      "geometry": {
        "type": "Point",
        "coordinates": [
          28.8716807,
          41.0046217
        ]
      },
      "id": "node/7974014822"
    },
    {
      "type": "Feature",
      "properties": {
        "@id": "node/7974014823",
        "air_conditioning": "yes",
        "baby_feeding": "room",
        "changing_table": "yes",
        "internet_access": "no",
        "name": "İncirli",
        "network": "İstanbul Metrosu",
        "network:wikidata": "Q498172",
        "opening_hours": "Mo-Su 06:00-24:00",
        "operator": "Metro İstanbul",
        "operator:wikidata": "Q344299",
        "public_transport": "station",
        "railway": "station",
        "start_date": "2024-03-10",
        "station": "subway",
        "subway": "yes",
        "toilets": "yes",
        "toilets:wheelchair": "yes",
        "wheelchair": "yes",
        "wikidata": "Q113502927",
        "wikimedia_commons": "Category:Bakırköy—İncirli Station",
        "wikipedia": "tr:İncirli (İstanbul Metrosu)"
      },
      "geometry": {
        "type": "Point",
        "coordinates": [
          28.8750558,
          40.9976332
        ]
      },
      "id": "node/7974014823"
    },
    {
      "type": "Feature",
      "properties": {
        "@id": "node/7974014824",
        "air_conditioning": "yes",
        "baby_feeding": "room",
        "changing_table": "yes",
        "internet_access": "no",
        "name": "Özgürlük Meydanı",
        "network": "İstanbul Metrosu",
        "network:wikidata": "Q498172",
        "opening_hours": "Mo-Su 06:00-24:00",
        "operator": "Metro İstanbul",
        "operator:wikidata": "Q344299",
        "public_transport": "station",
        "railway": "station",
        "start_date": "2024-03-10",
        "station": "subway",
        "subway": "yes",
        "toilets": "yes",
        "toilets:wheelchair": "yes",
        "wheelchair": "yes",
        "wikidata": "Q107050644",
        "wikimedia_commons": "Category:Özgürlük Meydanı Station",
        "wikipedia": "tr:Özgürlük Meydanı (İstanbul Metrosu)"
      },
      "geometry": {
        "type": "Point",
        "coordinates": [
          28.8740542,
          40.981628
        ]
      },
      "id": "node/7974014824"
    },
    {
      "type": "Feature",
      "properties": {
        "@id": "node/7974014825",
        "air_conditioning": "yes",
        "baby_feeding": "room",
        "changing_table": "yes",
        "internet_access": "no",
        "name": "Bakırköy Sahil",
        "network": "İstanbul Metrosu",
        "network:wikidata": "Q498172",
        "opening_hours": "Mo-Su 06:00-24:00",
        "operator": "Metro İstanbul",
        "operator:wikidata": "Q344299",
        "public_transport": "station",
        "railway": "station",
        "start_date": "2024-03-10",
        "station": "subway",
        "subway": "yes",
        "toilets": "yes",
        "toilets:wheelchair": "yes",
        "wheelchair": "yes",
        "wikidata": "Q107050645",
        "wikimedia_commons": "Category:Bakırköy Sahil Station",
        "wikipedia": "tr:Bakırköy Sahil (İstanbul Metrosu)"
      },
      "geometry": {
        "type": "Point",
        "coordinates": [
          28.8680322,
          40.9736492
        ]
      },
      "id": "node/7974014825"
    },
    {
      "type": "Feature",
      "properties": {
        "@id": "node/7994602524",
        "air_conditioning": "yes",
        "baby_feeding": "room",
        "changing_table": "yes",
        "internet_access": "wlan",
        "internet_access:fee": "customers",
        "name": "Kozyatağı",
        "network": "İstanbul Metrosu",
        "network:wikidata": "Q498172",
        "opening_hours": "Mo-Su 06:00-24:00",
        "operator": "Metro İstanbul",
        "operator:wikidata": "Q344299",
        "public_transport": "station",
        "railway": "station",
        "start_date": "2023-01-06",
        "station": "subway",
        "subway": "yes",
        "toilets": "yes",
        "toilets:wheelchair": "yes",
        "wheelchair": "yes",
        "wikidata": "Q114045182",
        "wikimedia_commons": "Category:Kozyatağı (M8) Station",
        "wikipedia": "tr:Kozyatağı (M8, İstanbul Metrosu)"
      },
      "geometry": {
        "type": "Point",
        "coordinates": [
          29.0998855,
          40.9774855
        ]
      },
      "id": "node/7994602524"
    },
    {
      "type": "Feature",
      "properties": {
        "@id": "node/8050455173",
        "air_conditioning": "yes",
        "baby_feeding": "room",
        "changing_table": "yes",
        "internet_access": "wlan",
        "internet_access:fee": "customers",
        "level": "-5",
        "name": "Mecidiyeköy",
        "network": "İstanbul Metrosu",
        "network:wikidata": "Q498172",
        "opening_hours": "Mo-Fr 06:00-24:00; Sa-Su 00:00-24:00",
        "operator": "Metro İstanbul",
        "operator:wikidata": "Q344299",
        "public_transport": "station",
        "railway": "station",
        "start_date": "2020-10-28",
        "station": "subway",
        "subway": "yes",
        "toilets": "yes",
        "toilets:wheelchair": "yes",
        "wheelchair": "yes",
        "wikidata": "Q113555727",
        "wikimedia_commons": "Category:Şişli-Mecidiyeköy Station",
        "wikipedia": "tr:Mecidiyeköy (İstanbul Metrosu)"
      },
      "geometry": {
        "type": "Point",
        "coordinates": [
          28.9955189,
          41.0651758
        ]
      },
      "id": "node/8050455173"
    },
    {
      "type": "Feature",
      "properties": {
        "@id": "node/8225587071",
        "name": "Cibali",
        "public_transport": "stop_position",
        "railway": "tram_stop",
        "tram": "yes"
      },
      "geometry": {
        "type": "Point",
        "coordinates": [
          28.9603158,
          41.0242528
        ]
      },
      "id": "node/8225587071"
    },
    {
      "type": "Feature",
      "properties": {
        "@id": "node/8225587072",
        "name": "Cibali",
        "public_transport": "stop_position",
        "railway": "tram_stop",
        "tram": "yes"
      },
      "geometry": {
        "type": "Point",
        "coordinates": [
          28.9602875,
          41.0242282
        ]
      },
      "id": "node/8225587072"
    },
    {
      "type": "Feature",
      "properties": {
        "@id": "node/8225587074",
        "name": "Balat",
        "public_transport": "stop_position",
        "railway": "tram_stop",
        "tram": "yes"
      },
      "geometry": {
        "type": "Point",
        "coordinates": [
          28.9480691,
          41.0340404
        ]
      },
      "id": "node/8225587074"
    },
    {
      "type": "Feature",
      "properties": {
        "@id": "node/8225587075",
        "name": "Balat",
        "public_transport": "stop_position",
        "railway": "tram_stop",
        "tram": "yes"
      },
      "geometry": {
        "type": "Point",
        "coordinates": [
          28.9480391,
          41.0340207
        ]
      },
      "id": "node/8225587075"
    },
    {
      "type": "Feature",
      "properties": {
        "@id": "node/8225587077",
        "name": "Ayvansaray",
        "public_transport": "stop_position",
        "railway": "tram_stop",
        "tram": "yes"
      },
      "geometry": {
        "type": "Point",
        "coordinates": [
          28.9439654,
          41.0395742
        ]
      },
      "id": "node/8225587077"
    },
    {
      "type": "Feature",
      "properties": {
        "@id": "node/8225587078",
        "name": "Ayvansaray",
        "public_transport": "stop_position",
        "railway": "tram_stop",
        "tram": "yes"
      },
      "geometry": {
        "type": "Point",
        "coordinates": [
          28.9439399,
          41.0395444
        ]
      },
      "id": "node/8225587078"
    },
    {
      "type": "Feature",
      "properties": {
        "@id": "node/8225587080",
        "name": "Feshane",
        "public_transport": "stop_position",
        "railway": "tram_stop",
        "tram": "yes"
      },
      "geometry": {
        "type": "Point",
        "coordinates": [
          28.938018,
          41.0455535
        ]
      },
      "id": "node/8225587080"
    },
    {
      "type": "Feature",
      "properties": {
        "@id": "node/8225587081",
        "name": "Feshane",
        "public_transport": "stop_position",
        "railway": "tram_stop",
        "tram": "yes"
      },
      "geometry": {
        "type": "Point",
        "coordinates": [
          28.9378997,
          41.0455401
        ]
      },
      "id": "node/8225587081"
    },
    {
      "type": "Feature",
      "properties": {
        "@id": "node/8225587083",
        "name": "Eyüpsultan Teleferik",
        "public_transport": "stop_position",
        "railway": "tram_stop",
        "tram": "yes"
      },
      "geometry": {
        "type": "Point",
        "coordinates": [
          28.9352099,
          41.0505648
        ]
      },
      "id": "node/8225587083"
    },
    {
      "type": "Feature",
      "properties": {
        "@id": "node/8225587084",
        "name": "Eyüpsultan Teleferik",
        "public_transport": "stop_position",
        "railway": "tram_stop",
        "tram": "yes"
      },
      "geometry": {
        "type": "Point",
        "coordinates": [
          28.9351644,
          41.0505614
        ]
      },
      "id": "node/8225587084"
    },
    {
      "type": "Feature",
      "properties": {
        "@id": "node/8225587086",
        "name": "Eyüpsultan Devlet Hastanesi",
        "public_transport": "stop_position",
        "railway": "tram_stop",
        "tram": "yes"
      },
      "geometry": {
        "type": "Point",
        "coordinates": [
          28.9411459,
          41.056762
        ]
      },
      "id": "node/8225587086"
    },
    {
      "type": "Feature",
      "properties": {
        "@id": "node/8225587087",
        "name": "Eyüpsultan Devlet Hastanesi",
        "public_transport": "stop_position",
        "railway": "tram_stop",
        "tram": "yes"
      },
      "geometry": {
        "type": "Point",
        "coordinates": [
          28.9411417,
          41.056733
        ]
      },
      "id": "node/8225587087"
    },
    {
      "type": "Feature",
      "properties": {
        "@id": "node/8225587089",
        "name": "Silahtarağa Mahallesi",
        "public_transport": "stop_position",
        "railway": "tram_stop",
        "tram": "yes"
      },
      "geometry": {
        "type": "Point",
        "coordinates": [
          28.9429699,
          41.0648457
        ]
      },
      "id": "node/8225587089"
    },
    {
      "type": "Feature",
      "properties": {
        "@id": "node/8225587090",
        "name": "Silahtarağa Mahallesi",
        "public_transport": "stop_position",
        "railway": "tram_stop",
        "tram": "yes"
      },
      "geometry": {
        "type": "Point",
        "coordinates": [
          28.9429308,
          41.0648566
        ]
      },
      "id": "node/8225587090"
    },
    {
      "type": "Feature",
      "properties": {
        "@id": "node/8225587092",
        "name": "Üniversite",
        "public_transport": "stop_position",
        "railway": "tram_stop",
        "tram": "yes",
        "wikidata": "Q104619325",
        "wikimedia_commons": "Category:Üniversite (T5 tram station)",
        "wikipedia": "tr:Üniversite (İstanbul tramvayı)"
      },
      "geometry": {
        "type": "Point",
        "coordinates": [
          28.9428763,
          41.0699022
        ]
      },
      "id": "node/8225587092"
    },
    {
      "type": "Feature",
      "properties": {
        "@id": "node/8225587093",
        "name": "Üniversite",
        "public_transport": "stop_position",
        "railway": "tram_stop",
        "tram": "yes",
        "wikidata": "Q104619325",
        "wikimedia_commons": "Category:Üniversite (T5 tram station)",
        "wikipedia": "tr:Üniversite (İstanbul tramvayı)"
      },
      "geometry": {
        "type": "Point",
        "coordinates": [
          28.9428216,
          41.0699016
        ]
      },
      "id": "node/8225587093"
    },
    {
      "type": "Feature",
      "properties": {
        "@id": "node/8225587095",
        "name": "Alibeyköy Merkez",
        "public_transport": "stop_position",
        "railway": "tram_stop",
        "tram": "yes"
      },
      "geometry": {
        "type": "Point",
        "coordinates": [
          28.9459997,
          41.0736907
        ]
      },
      "id": "node/8225587095"
    },
    {
      "type": "Feature",
      "properties": {
        "@id": "node/8225587096",
        "name": "Alibeyköy Merkez",
        "public_transport": "stop_position",
        "railway": "tram_stop",
        "tram": "yes"
      },
      "geometry": {
        "type": "Point",
        "coordinates": [
          28.945958,
          41.0737108
        ]
      },
      "id": "node/8225587096"
    },
    {
      "type": "Feature",
      "properties": {
        "@id": "node/8225587098",
        "name": "Alibeyköy Metro",
        "public_transport": "stop_position",
        "railway": "tram_stop",
        "tram": "yes"
      },
      "geometry": {
        "type": "Point",
        "coordinates": [
          28.9494362,
          41.0784279
        ]
      },
      "id": "node/8225587098"
    },
    {
      "type": "Feature",
      "properties": {
        "@id": "node/8225587100",
        "name": "Alibeyköy Metro",
        "public_transport": "stop_position",
        "railway": "tram_stop",
        "tram": "yes"
      },
      "geometry": {
        "type": "Point",
        "coordinates": [
          28.9494877,
          41.0784326
        ]
      },
      "id": "node/8225587100"
    },
    {
      "type": "Feature",
      "properties": {
        "@id": "node/8225587102",
        "name": "Alibeyköy Cep Otogarı",
        "public_transport": "stop_position",
        "railway": "tram_stop",
        "tram": "yes"
      },
      "geometry": {
        "type": "Point",
        "coordinates": [
          28.9439278,
          41.0869022
        ]
      },
      "id": "node/8225587102"
    },
    {
      "type": "Feature",
      "properties": {
        "@id": "node/8225587104",
        "name": "Alibeyköy Cep Otogarı",
        "public_transport": "stop_position",
        "railway": "tram_stop",
        "tram": "yes"
      },
      "geometry": {
        "type": "Point",
        "coordinates": [
          28.9439324,
          41.0868716
        ]
      },
      "id": "node/8225587104"
    },
    {
      "type": "Feature",
      "properties": {
        "@id": "node/8551310842",
        "name": "Rıza Paşa",
        "public_transport": "stop_position",
        "railway": "tram_stop",
        "tram": "yes",
        "wikidata": "Q109265161",
        "wikimedia_commons": "Category:Rızapaşa (tram station)",
        "wikipedia": "tr:Rızapaşa (İstanbul Tramvayı)"
      },
      "geometry": {
        "type": "Point",
        "coordinates": [
          29.0227213,
          40.9846726
        ]
      },
      "id": "node/8551310842"
    },
    {
      "type": "Feature",
      "properties": {
        "@id": "node/8738839403",
        "amenity": "ferry_terminal",
        "ferry": "yes",
        "name": "İDO Büyükçekmece Terminali",
        "public_transport": "station",
        "source": "PGS"
      },
      "geometry": {
        "type": "Point",
        "coordinates": [
          28.5642829,
          41.0153222
        ]
      },
      "id": "node/8738839403"
    },
    {
      "type": "Feature",
      "properties": {
        "@id": "node/8768427075",
        "name": "Atatürk Mahallesi",
        "public_transport": "station",
        "railway": "station",
        "station": "subway",
        "subway": "yes",
        "wheelchair": "yes",
        "wikidata": "Q113516920",
        "wikimedia_commons": "Category:Atatürk Mahallesi (M9) Station",
        "wikipedia": "tr:Atatürk Mahallesi (M9, İstanbul Metrosu)"
      },
      "geometry": {
        "type": "Point",
        "coordinates": [
          28.7987338,
          41.0522224
        ]
      },
      "id": "node/8768427075"
    },
    {
      "type": "Feature",
      "properties": {
        "@id": "node/8768427076",
        "name": "Bahariye",
        "network": "İstanbul Metrosu",
        "network:wikidata": "Q498172",
        "operator": "Metro İstanbul",
        "operator:wikidata": "Q344299",
        "public_transport": "station",
        "railway": "station",
        "station": "subway",
        "subway": "yes",
        "wheelchair": "yes",
        "wikidata": "Q107044927",
        "wikimedia_commons": "Category:Bahariye Station",
        "wikipedia": "tr:Bahariye (İstanbul metrosu)"
      },
      "geometry": {
        "type": "Point",
        "coordinates": [
          28.7993012,
          41.0584718
        ]
      },
      "id": "node/8768427076"
    },
    {
      "type": "Feature",
      "properties": {
        "@id": "node/8768427077",
        "name": "MASKO",
        "operator": "Metro İstanbul",
        "public_transport": "station",
        "railway": "station",
        "station": "subway",
        "subway": "yes",
        "wheelchair": "yes",
        "wikidata": "Q107050638",
        "wikimedia_commons": "Category:MASKO Station",
        "wikipedia": "tr:MASKO (İstanbul metrosu)"
      },
      "geometry": {
        "type": "Point",
        "coordinates": [
          28.8041363,
          41.0641121
        ]
      },
      "id": "node/8768427077"
    },
    {
      "type": "Feature",
      "properties": {
        "@id": "node/8768427078",
        "name": "Halkalı Caddesi",
        "network": "M9",
        "operator": "Metro İstanbul",
        "public_transport": "station",
        "railway": "station",
        "station": "subway",
        "subway": "yes",
        "wheelchair": "yes",
        "wikidata": "Q107045163",
        "wikimedia_commons": "Category:Halkalı Caddesi Station",
        "wikipedia": "tr:Halkalı Caddesi (İstanbul metrosu)"
      },
      "geometry": {
        "type": "Point",
        "coordinates": [
          28.8065121,
          41.0450113
        ]
      },
      "id": "node/8768427078"
    },
    {
      "type": "Feature",
      "properties": {
        "@id": "node/8768427079",
        "name": "15 Temmuz",
        "public_transport": "station",
        "railway": "station",
        "station": "subway",
        "subway": "yes",
        "wheelchair": "yes",
        "wikidata": "Q107050639",
        "wikimedia_commons": "Category:15 Temmuz Station",
        "wikipedia": "tr:15 Temmuz (İstanbul metrosu)"
      },
      "geometry": {
        "type": "Point",
        "coordinates": [
          28.814003,
          41.036891
        ]
      },
      "id": "node/8768427079"
    },
    {
      "type": "Feature",
      "properties": {
        "@id": "node/8768427080",
        "name": "Mimar Sinan",
        "public_transport": "station",
        "railway": "station",
        "station": "subway",
        "subway": "yes",
        "wheelchair": "yes",
        "wikidata": "Q107050641",
        "wikimedia_commons": "Category:Mimar Sinan (M9) Station"
      },
      "geometry": {
        "type": "Point",
        "coordinates": [
          28.8165787,
          41.0250887
        ]
      },
      "id": "node/8768427080"
    },
    {
      "type": "Feature",
      "properties": {
        "@id": "node/8768427081",
        "name": "Doğu Sanayi",
        "public_transport": "station",
        "railway": "station",
        "station": "subway",
        "subway": "yes",
        "wheelchair": "yes",
        "wikidata": "Q107045048",
        "wikimedia_commons": "Category:Doğu Sanayi Station",
        "wikipedia": "tr:Doğu Sanayi (İstanbul metrosu)"
      },
      "geometry": {
        "type": "Point",
        "coordinates": [
          28.8179193,
          41.0149413
        ]
      },
      "id": "node/8768427081"
    },
    {
      "type": "Feature",
      "properties": {
        "@id": "node/8768427082",
        "alt_name": "İhlas Yuva",
        "name": "29 Ekim Cumhuriyet",
        "public_transport": "station",
        "railway": "station",
        "station": "subway",
        "subway": "yes",
        "wheelchair": "no",
        "wikidata": "Q107045125",
        "wikimedia_commons": "Category:29 Ekim Cumhuriyet Station",
        "wikipedia": "tr:29 Ekim Cumhuriyet"
      },
      "geometry": {
        "type": "Point",
        "coordinates": [
          28.8186101,
          41.0061738
        ]
      },
      "id": "node/8768427082"
    },
    {
      "type": "Feature",
      "properties": {
        "@id": "node/8768427083",
        "name": "Çobançeşme",
        "public_transport": "station",
        "railway": "station",
        "station": "subway",
        "subway": "yes",
        "wheelchair": "yes",
        "wikidata": "Q107050642",
        "wikimedia_commons": "Category:Çobançeşme Station",
        "wikipedia": "tr:Çobançeşme (İstanbul metrosu)"
      },
      "geometry": {
        "type": "Point",
        "coordinates": [
          28.8226129,
          40.9997399
        ]
      },
      "id": "node/8768427083"
    },
    {
      "type": "Feature",
      "properties": {
        "@id": "node/8768427084",
        "name": "Yenibosna",
        "public_transport": "station",
        "railway": "station",
        "station": "subway",
        "subway": "yes",
        "wheelchair": "yes",
        "wikidata": "Q113506180",
        "wikimedia_commons": "Category:Yenibosna (M9) Station"
      },
      "geometry": {
        "type": "Point",
        "coordinates": [
          28.8379196,
          40.9894427
        ]
      },
      "id": "node/8768427084"
    },
    {
      "type": "Feature",
      "properties": {
        "@id": "node/8768427085",
        "name": "Ataköy",
        "public_transport": "station",
        "railway": "station",
        "station": "subway",
        "subway": "yes",
        "wheelchair": "no",
        "wikidata": "Q107050646",
        "wikimedia_commons": "Category:Ataköy Station",
        "wikipedia": "tr:Ataköy (İstanbul metrosu)"
      },
      "geometry": {
        "type": "Point",
        "coordinates": [
          28.8562809,
          40.9799289
        ]
      },
      "id": "node/8768427085"
    },
    {
      "type": "Feature",
      "properties": {
        "@id": "node/8853285393",
        "name": "Kağıthane",
        "network": "M11",
        "operator": "TCDD Taşımacılık A.Ş.",
        "public_transport": "station",
        "railway": "station",
        "station": "subway",
        "subway": "yes",
        "wheelchair": "yes",
        "wikidata": "Q115962847",
        "wikimedia_commons": "Category:Kâğıthane (M11) Station",
        "wikipedia": "tr:Kâğıthane (M11, İstanbul Metrosu)"
      },
      "geometry": {
        "type": "Point",
        "coordinates": [
          28.9765616,
          41.080086
        ]
      },
      "id": "node/8853285393"
    },
    {
      "type": "Feature",
      "properties": {
        "@id": "node/8853285986",
        "name": "Hasdal",
        "network": "M11",
        "operator": "TCDD Taşımacılık A.Ş.",
        "public_transport": "station",
        "railway": "station",
        "station": "subway",
        "subway": "yes",
        "wheelchair": "yes",
        "wikidata": "Q107050648",
        "wikimedia_commons": "Category:Hasdal Station",
        "wikipedia": "tr:Hasdal (İstanbul metrosu)"
      },
      "geometry": {
        "type": "Point",
        "coordinates": [
          28.9468433,
          41.1212167
        ]
      },
      "id": "node/8853285986"
    },
    {
      "type": "Feature",
      "properties": {
        "@id": "node/8853491811",
        "name": "Göktürk",
        "network": "M11",
        "operator": "TCDD Taşımacılık A.Ş.",
        "public_transport": "station",
        "railway": "station",
        "station": "subway",
        "subway": "yes",
        "wheelchair": "yes",
        "wikidata": "Q107050650",
        "wikimedia_commons": "Category:Göktürk Station",
        "wikipedia": "tr:Göktürk (İstanbul metrosu)"
      },
      "geometry": {
        "type": "Point",
        "coordinates": [
          28.8836557,
          41.1770052
        ]
      },
      "id": "node/8853491811"
    },
    {
      "type": "Feature",
      "properties": {
        "@id": "node/8872506293",
        "name": "İhsaniye",
        "network": "M11",
        "operator": "TCDD Taşımacılık A.Ş.",
        "public_transport": "station",
        "railway": "station",
        "station": "subway",
        "subway": "yes",
        "wheelchair": "yes",
        "wikidata": "Q107050651",
        "wikimedia_commons": "Category:İhsaniye Station",
        "wikipedia": "tr:İhsaniye (İstanbul metrosu)"
      },
      "geometry": {
        "type": "Point",
        "coordinates": [
          28.8089418,
          41.242904
        ]
      },
      "id": "node/8872506293"
    },
    {
      "type": "Feature",
      "properties": {
        "@id": "node/8872578520",
        "name": "Kargo Terminali",
        "network": "M11",
        "operator": "TCDD Taşımacılık A.Ş.",
        "public_transport": "station",
        "railway": "station",
        "station": "subway",
        "subway": "yes",
        "wheelchair": "yes",
        "wikidata": "Q111253867",
        "wikimedia_commons": "Category:Kargo Terminali Station",
        "wikipedia": "tr:Kargo Terminali (İstanbul metrosu)"
      },
      "geometry": {
        "type": "Point",
        "coordinates": [
          28.7126953,
          41.2554335
        ]
      },
      "id": "node/8872578520"
    },
    {
      "type": "Feature",
      "properties": {
        "@id": "node/9016710169",
        "air_conditioning": "yes",
        "baby_feeding": "room",
        "changing_table": "yes",
        "internet_access": "wlan",
        "internet_access:fee": "customers",
        "name": "Bostancı",
        "network": "İstanbul Metrosu",
        "network:wikidata": "Q498172",
        "opening_hours": "Mo-Su 06:00-24:00",
        "operator": "Metro İstanbul",
        "operator:wikidata": "Q344299",
        "public_transport": "station",
        "railway": "station",
        "start_date": "2023-01-06",
        "station": "subway",
        "subway": "yes",
        "toilets": "yes",
        "toilets:wheelchair": "yes",
        "wheelchair": "yes",
        "wikidata": "Q107050647",
        "wikimedia_commons": "Category:Bostancı (M8) Station",
        "wikipedia": "tr:Bostancı (M8, İstanbul Metrosu)"
      },
      "geometry": {
        "type": "Point",
        "coordinates": [
          29.0967248,
          40.9517055
        ]
      },
      "id": "node/9016710169"
    },
    {
      "type": "Feature",
      "properties": {
        "@id": "node/9040353877",
        "name": "Bağcılar",
        "public_transport": "stop_position",
        "railway": "tram_stop",
        "tram": "yes"
      },
      "geometry": {
        "type": "Point",
        "coordinates": [
          28.8606194,
          41.0322093
        ]
      },
      "id": "node/9040353877"
    },
    {
      "type": "Feature",
      "properties": {
        "@id": "node/9164730780",
        "funicular": "yes",
        "name": "Taksim",
        "network": "İstanbul Metrosu",
        "operator": "Metro İstanbul",
        "public_transport": "station",
        "railway": "station",
        "station": "funicular",
        "wheelchair": "yes"
      },
      "geometry": {
        "type": "Point",
        "coordinates": [
          28.9866305,
          41.0367764
        ]
      },
      "id": "node/9164730780"
    },
    {
      "type": "Feature",
      "properties": {
        "@id": "node/9521931481",
        "amenity": "ferry_terminal",
        "ferry": "yes",
        "name": "Balat iskelesi",
        "public_transport": "station",
        "wheelchair": "no"
      },
      "geometry": {
        "type": "Point",
        "coordinates": [
          28.9493238,
          41.0348188
        ]
      },
      "id": "node/9521931481"
    },
    {
      "type": "Feature",
      "properties": {
        "@id": "node/9665946456",
        "access": "yes",
        "addr:postcode": "34488",
        "name": "Bahçeşehir",
        "network": "Türkiye Cumhuriyeti Devlet Demiryolları",
        "network:short": "TCDD",
        "network:wikidata": "Q499967",
        "opening_date": "2022-06-23",
        "operator": "TCDD Taşımacılık",
        "operator:wikidata": "Q28220824",
        "public_transport": "station",
        "railway": "station",
        "train": "yes",
        "website": "https://en.m.wikipedia.org/wiki/Halkal%C4%B1-Bah%C3%A7e%C5%9Fehir_Rail_System",
        "wikidata": "Q112118229",
        "wikimedia_commons": "Category:Bahçeşehir railway station (Istanbul)",
        "wikipedia": "tr:Bahçeşehir Tren İstasyonu (İstanbul)"
      },
      "geometry": {
        "type": "Point",
        "coordinates": [
          28.6788206,
          41.0844106
        ]
      },
      "id": "node/9665946456"
    },
    {
      "type": "Feature",
      "properties": {
        "@id": "node/9665946458",
        "access": "yes",
        "ele": "15",
        "name": "Ispartakule",
        "network": "Türkiye Cumhuriyeti Devlet Demiryolları",
        "network:short": "TCDD",
        "network:wikidata": "Q499967",
        "opening_date": "2022-06-23",
        "operator": "TCDD Taşımacılık",
        "operator:wikidata": "Q28220824",
        "public_transport": "station",
        "railway": "station",
        "train": "yes",
        "wikidata": "Q48989228",
        "wikimedia_commons": "Category:Ispartakule railway station",
        "wikipedia": "tr:Ispartakule Tren İstasyonu"
      },
      "geometry": {
        "type": "Point",
        "coordinates": [
          28.6993868,
          41.0629617
        ]
      },
      "id": "node/9665946458"
    },
    {
      "type": "Feature",
      "properties": {
        "@id": "node/9793358279",
        "name": "Küçükpazar",
        "public_transport": "stop_position",
        "railway": "tram_stop",
        "tram": "yes",
        "wikidata": "Q108476246",
        "wikimedia_commons": "Category:Küçükpazar (tram station)",
        "wikipedia": "tr:Küçükpazar (İstanbul tramvayı)"
      },
      "geometry": {
        "type": "Point",
        "coordinates": [
          28.9632559,
          41.0209233
        ]
      },
      "id": "node/9793358279"
    },
    {
      "type": "Feature",
      "properties": {
        "@id": "node/10060861945",
        "air_conditioning": "yes",
        "baby_feeding": "room",
        "changing_table": "yes",
        "name": "Bulgurlu",
        "network": "İstanbul Metrosu",
        "network:wikidata": "Q498172",
        "opening_hours": "Mo-Fr 06:00-24:00; Sa-Su 00:00-24:00",
        "operator": "Metro İstanbul",
        "operator:wikidata": "Q344299",
        "public_transport": "station",
        "railway": "station",
        "start_date": "2017-12-15",
        "station": "subway",
        "subway": "yes",
        "toilets": "yes",
        "toilets:wheelchair": "yes",
        "wheelchair": "yes",
        "wikidata": "Q46604381",
        "wikimedia_commons": "Category:Bulgurlu Station",
        "wikipedia": "tr:Bulgurlu (İstanbul Metrosu)"
      },
      "geometry": {
        "type": "Point",
        "coordinates": [
          29.0762576,
          41.0162865
        ]
      },
      "id": "node/10060861945"
    },
    {
      "type": "Feature",
      "properties": {
        "@id": "node/10132990392",
        "name": "Boğaziçi Üniversitesi/Hisarüstü",
        "network": "İstanbul Metrosu",
        "public_transport": "station",
        "railway": "station",
        "station": "funicular",
        "wheelchair": "yes",
        "wikidata": "Q110228398",
        "wikimedia_commons": "Category:Boğaziçi Üniversitesi/Hisarüstü (F4) Station",
        "wikipedia": "tr:Boğaziçi Üniversitesi/Hisarüstü (İstanbul Füniküleri)"
      },
      "geometry": {
        "type": "Point",
        "coordinates": [
          29.0458748,
          41.0850943
        ]
      },
      "id": "node/10132990392"
    },
    {
      "type": "Feature",
      "properties": {
        "@id": "node/10132990395",
        "name": "Aşiyan",
        "network": "F4",
        "operator": "Metro İstanbul",
        "public_transport": "station",
        "railway": "station",
        "station": "funicular",
        "wikidata": "Q48966872",
        "wikimedia_commons": "Category:Aşiyan Station",
        "wikipedia": "tr:Aşiyan (İstanbul füniküleri)"
      },
      "geometry": {
        "type": "Point",
        "coordinates": [
          29.0549987,
          41.08138
        ]
      },
      "id": "node/10132990395"
    },
    {
      "type": "Feature",
      "properties": {
        "@id": "node/10139241929",
        "amenity": "ferry_terminal",
        "ferry": "yes",
        "name": "Aşiyan",
        "network": "Şehir Hatları",
        "operator": "İBB",
        "public_transport": "station"
      },
      "geometry": {
        "type": "Point",
        "coordinates": [
          29.0548617,
          41.0811404
        ]
      },
      "id": "node/10139241929"
    },
    {
      "type": "Feature",
      "properties": {
        "@id": "node/10288058468",
        "amenity": "ferry_terminal",
        "ferry": "yes",
        "network": "Bostancı",
        "operator": "İDO",
        "public_transport": "station"
      },
      "geometry": {
        "type": "Point",
        "coordinates": [
          29.0933969,
          40.9519864
        ]
      },
      "id": "node/10288058468"
    },
    {
      "type": "Feature",
      "properties": {
        "@id": "node/10288058480",
        "amenity": "ferry_terminal",
        "ferry": "yes",
        "name": "Heybeliada",
        "public_transport": "station"
      },
      "geometry": {
        "type": "Point",
        "coordinates": [
          29.1014071,
          40.8780078
        ]
      },
      "id": "node/10288058480"
    },
    {
      "type": "Feature",
      "properties": {
        "@id": "node/10289625975",
        "amenity": "ferry_terminal",
        "ferry": "yes",
        "name": "İDO Kartal Terminali",
        "name:tr": "Kartal İDO İskelesi",
        "public_transport": "station"
      },
      "geometry": {
        "type": "Point",
        "coordinates": [
          29.1869305,
          40.8866708
        ]
      },
      "id": "node/10289625975"
    },
    {
      "type": "Feature",
      "properties": {
        "@id": "node/10289640443",
        "amenity": "ferry_terminal",
        "ferry": "yes",
        "public_transport": "station"
      },
      "geometry": {
        "type": "Point",
        "coordinates": [
          29.0932064,
          41.1168588
        ]
      },
      "id": "node/10289640443"
    },
    {
      "type": "Feature",
      "properties": {
        "@id": "node/10702895853",
        "name": "Taşoluk",
        "network": "M11",
        "operator": "TCDD Taşımacılık A.Ş.",
        "public_transport": "station",
        "railway": "station",
        "station": "subway",
        "subway": "yes",
        "wheelchair": "yes",
        "wikidata": "Q113514951",
        "wikimedia_commons": "Category:Taşoluk Station",
        "wikipedia": "tr:Taşoluk (İstanbul metrosu)"
      },
      "geometry": {
        "type": "Point",
        "coordinates": [
          28.715889,
          41.2070653
        ]
      },
      "id": "node/10702895853"
    },
    {
      "type": "Feature",
      "properties": {
        "@id": "node/10702895854",
        "name": "Arnavutköy Hastane",
        "network": "M11",
        "operator": "TCDD Taşımacılık A.Ş.",
        "public_transport": "station",
        "railway": "station",
        "station": "subway",
        "subway": "yes",
        "wheelchair": "yes",
        "wikidata": "Q113514955",
        "wikimedia_commons": "Category:Arnavutköy Hastane Station",
        "wikipedia": "tr:Arnavutköy Hastane (İstanbul Metrosu)"
      },
      "geometry": {
        "type": "Point",
        "coordinates": [
          28.7476829,
          41.1790982
        ]
      },
      "id": "node/10702895854"
    },
    {
      "type": "Feature",
      "properties": {
        "@id": "node/10702895855",
        "name": "İbn Haldun Üniversitesi",
        "network": "M11",
        "operator": "TCDD Taşımacılık A.Ş.",
        "public_transport": "station",
        "railway": "station",
        "station": "subway",
        "subway": "yes",
        "wheelchair": "yes",
        "wikidata": "Q113514959",
        "wikipedia": "tr:İbn Haldun Üniversitesi (İstanbul Metrosu)"
      },
      "geometry": {
        "type": "Point",
        "coordinates": [
          28.7937991,
          41.1395626
        ]
      },
      "id": "node/10702895855"
    },
    {
      "type": "Feature",
      "properties": {
        "@id": "node/10702895856",
        "name": "Kayaşehir",
        "network": "M11",
        "operator": "TCDD Taşımacılık A.Ş.",
        "public_transport": "station",
        "railway": "station",
        "station": "subway",
        "subway": "yes",
        "wheelchair": "yes",
        "wikidata": "Q113512351",
        "wikimedia_commons": "Category:Kayaşehir (M11) Station",
        "wikipedia": "tr:Kayaşehir (M11, İstanbul Metrosu)"
      },
      "geometry": {
        "type": "Point",
        "coordinates": [
          28.7657083,
          41.1173314
        ]
      },
      "id": "node/10702895856"
    },
    {
      "type": "Feature",
      "properties": {
        "@id": "node/10702895857",
        "name": "Olimpiyatköy",
        "network": "M11",
        "operator": "TCDD Taşımacılık A.Ş.",
        "public_transport": "station",
        "railway": "station",
        "station": "subway",
        "subway": "yes",
        "wheelchair": "yes",
        "wikidata": "Q113516923",
        "wikimedia_commons": "Category:Olimpiyat Station",
        "wikipedia": "tr:Olimpiyatköy (İstanbul Metrosu)"
      },
      "geometry": {
        "type": "Point",
        "coordinates": [
          28.7697409,
          41.0780118
        ]
      },
      "id": "node/10702895857"
    },
    {
      "type": "Feature",
      "properties": {
        "@id": "node/10702895858",
        "name": "Halkalı Stadı",
        "network": "M11",
        "operator": "TCDD Taşımacılık A.Ş.",
        "public_transport": "station",
        "railway": "station",
        "station": "subway",
        "subway": "yes",
        "wheelchair": "yes",
        "wikidata": "Q113518000",
        "wikipedia": "tr:Halkalı Stadı (İstanbul metrosu)"
      },
      "geometry": {
        "type": "Point",
        "coordinates": [
          28.7747072,
          41.0565654
        ]
      },
      "id": "node/10702895858"
    },
    {
      "type": "Feature",
      "properties": {
        "@id": "node/10702895859",
        "name": "Halkalı",
        "network": "M11",
        "operator": "TCDD Taşımacılık A.Ş.",
        "public_transport": "station",
        "railway": "station",
        "station": "subway",
        "subway": "yes",
        "wheelchair": "yes",
        "wikidata": "Q113522843",
        "wikimedia_commons": "Category:Halkalı Transfer Center",
        "wikipedia": "tr:Halkalı (M11, İstanbul Metrosu)"
      },
      "geometry": {
        "type": "Point",
        "coordinates": [
          28.7681548,
          41.0199044
        ]
      },
      "id": "node/10702895859"
    },
    {
      "type": "Feature",
      "properties": {
        "@id": "node/11063410672",
        "amenity": "ferry_terminal",
        "ferry": "yes",
        "name": "Maltepe",
        "public_transport": "station"
      },
      "geometry": {
        "type": "Point",
        "coordinates": [
          29.1278084,
          40.9190272
        ]
      },
      "id": "node/11063410672"
    },
    {
      "type": "Feature",
      "properties": {
        "@id": "node/11157685024",
        "name": "Küçükpazar",
        "public_transport": "stop_position",
        "railway": "tram_stop",
        "tram": "yes",
        "wikidata": "Q108476246",
        "wikimedia_commons": "Category:Küçükpazar (tram station)",
        "wikipedia": "tr:Küçükpazar (İstanbul tramvayı)"
      },
      "geometry": {
        "type": "Point",
        "coordinates": [
          28.9632974,
          41.0209398
        ]
      },
      "id": "node/11157685024"
    },
    {
      "type": "Feature",
      "properties": {
        "@id": "node/11157685025",
        "construction": "tram_stop",
        "name": "Eminönü",
        "public_transport": "stop_position",
        "railway": "tram_stop",
        "tram": "yes",
        "wikidata": "Q97218160",
        "wikimedia_commons": "Category:Eminönü (T1, tram station)",
        "wikipedia": "tr:Eminönü (İstanbul tramvayı)"
      },
      "geometry": {
        "type": "Point",
        "coordinates": [
          28.9700158,
          41.0182861
        ]
      },
      "id": "node/11157685025"
    },
    {
      "type": "Feature",
      "properties": {
        "@id": "node/11157685026",
        "name": "Eminönü",
        "public_transport": "stop_position",
        "railway": "tram_stop",
        "tram": "yes",
        "wikidata": "Q97218160",
        "wikimedia_commons": "Category:Eminönü (T1, tram station)",
        "wikipedia": "tr:Eminönü (İstanbul tramvayı)"
      },
      "geometry": {
        "type": "Point",
        "coordinates": [
          28.969994,
          41.0182121
        ]
      },
      "id": "node/11157685026"
    },
    {
      "type": "Feature",
      "properties": {
        "@id": "node/11228793732",
        "name": "Cankurtaran",
        "network": "Türkiye Cumhuriyeti Devlet Demiryolları",
        "network:short": "TCDD",
        "network:wikidata": "Q499967",
        "operator": "TCDD Taşımacılık",
        "operator:wikidata": "Q28220824",
        "public_transport": "station",
        "railway": "station",
        "train": "yes",
        "wikidata": "Q5032507",
        "wikimedia_commons": "Category:Cankurtaran railway station",
        "wikipedia": "tr:Cankurtaran Tren İstasyonu"
      },
      "geometry": {
        "type": "Point",
        "coordinates": [
          28.9830122,
          41.0055376
        ]
      },
      "id": "node/11228793732"
    },
    {
      "type": "Feature",
      "properties": {
        "@id": "node/11486557064",
        "name": "Demirkapı",
        "public_transport": "stop_position",
        "railway": "tram_stop",
        "tram": "yes"
      },
      "geometry": {
        "type": "Point",
        "coordinates": [
          28.9279681,
          41.0417156
        ]
      },
      "id": "node/11486557064"
    },
    {
      "type": "Feature",
      "properties": {
        "@id": "node/11492185746",
        "air_conditioning": "yes",
        "baby_feeding": "room",
        "changing_table": "yes",
        "name": "Sarıgazi",
        "network": "İstanbul Metrosu",
        "network:wikidata": "Q498172",
        "opening_hours": "Mo-Fr 06:00-24:00; Sa-Su 00:00-24:00",
        "operator": "Metro İstanbul",
        "operator:wikidata": "Q344299",
        "public_transport": "station",
        "railway": "station",
        "start_date": "2024-03-16",
        "station": "subway",
        "subway": "yes",
        "toilets": "yes",
        "toilets:wheelchair": "yes",
        "wheelchair": "yes",
        "wikidata": "Q100410711",
        "wikimedia_commons": "Category:Sarıgazi Station",
        "wikipedia": "tr:Sarıgazi (İstanbul Metrosu)"
      },
      "geometry": {
        "type": "Point",
        "coordinates": [
          29.2126756,
          41.0100295
        ]
      },
      "id": "node/11492185746"
    },
    {
      "type": "Feature",
      "properties": {
        "@id": "node/11591633647",
        "name": "Gebze Stadyum",
        "public_transport": "station",
        "railway": "station",
        "station": "subway",
        "subway": "yes",
        "wikidata": "Q130613437",
        "wikipedia": "tr:Gebze Stadyum (Kocaeli Metrosu)"
      },
      "geometry": {
        "type": "Point",
        "coordinates": [
          29.4388279,
          40.8044504
        ]
      },
      "id": "node/11591633647"
    },
    {
      "type": "Feature",
      "properties": {
        "@id": "node/11591633648",
        "name": "Akse Sapağı",
        "public_transport": "station",
        "railway": "station",
        "station": "subway",
        "subway": "yes"
      },
      "geometry": {
        "type": "Point",
        "coordinates": [
          29.4314045,
          40.8079141
        ]
      },
      "id": "node/11591633648"
    },
    {
      "type": "Feature",
      "properties": {
        "@id": "node/11591633649",
        "name": "Adliye",
        "public_transport": "station",
        "railway": "station",
        "station": "subway",
        "subway": "yes",
        "wikidata": "Q130613696",
        "wikipedia": "tr:Adliye (Kocaeli Metrosu)"
      },
      "geometry": {
        "type": "Point",
        "coordinates": [
          29.4184419,
          40.8142183
        ]
      },
      "id": "node/11591633649"
    },
    {
      "type": "Feature",
      "properties": {
        "@id": "node/11591633650",
        "name": "Mutlukent",
        "public_transport": "station",
        "railway": "station",
        "station": "subway",
        "subway": "yes",
        "wikidata": "Q130613708",
        "wikipedia": "tr:Mutlukent (Kocaeli Metrosu)"
      },
      "geometry": {
        "type": "Point",
        "coordinates": [
          29.417388,
          40.8271902
        ]
      },
      "id": "node/11591633650"
    },
    {
      "type": "Feature",
      "properties": {
        "@id": "node/11591633651",
        "name": "OSB",
        "public_transport": "station",
        "railway": "station",
        "station": "subway",
        "subway": "yes"
      },
      "geometry": {
        "type": "Point",
        "coordinates": [
          29.4316666,
          40.8390543
        ]
      },
      "id": "node/11591633651"
    },
    {
      "type": "Feature",
      "properties": {
        "@id": "node/11914932648",
        "amenity": "ferry_terminal",
        "ferry": "yes",
        "public_transport": "station",
        "ref": "2"
      },
      "geometry": {
        "type": "Point",
        "coordinates": [
          28.9732484,
          41.0217406
        ]
      },
      "id": "node/11914932648"
    },
    {
      "type": "Feature",
      "properties": {
        "@id": "node/11914938300",
        "amenity": "ferry_terminal",
        "ferry": "yes",
        "public_transport": "station",
        "ref": "1"
      },
      "geometry": {
        "type": "Point",
        "coordinates": [
          28.9732889,
          41.0217646
        ]
      },
      "id": "node/11914938300"
    },
    {
      "type": "Feature",
      "properties": {
        "@id": "node/12196745510",
        "name": "Demirkapı",
        "public_transport": "stop_position",
        "railway": "tram_stop",
        "tram": "yes"
      },
      "geometry": {
        "type": "Point",
        "coordinates": [
          28.9275267,
          41.0408154
        ]
      },
      "id": "node/12196745510"
    },
    {
      "type": "Feature",
      "properties": {
        "@id": "node/12196745511",
        "name": "Feshane",
        "public_transport": "stop_position",
        "railway": "tram_stop",
        "tram": "yes"
      },
      "geometry": {
        "type": "Point",
        "coordinates": [
          28.9377817,
          41.0455255
        ]
      },
      "id": "node/12196745511"
    },
    {
      "type": "Feature",
      "properties": {
        "@id": "node/12196745512",
        "name": "Eyüpsultan",
        "network": "İstanbul Tramvayı",
        "public_transport": "stop_position",
        "railway": "tram_stop",
        "station": "tram",
        "tram": "yes"
      },
      "geometry": {
        "type": "Point",
        "coordinates": [
          28.9318299,
          41.0458947
        ]
      },
      "id": "node/12196745512"
    },
    {
      "type": "Feature",
      "properties": {
        "@id": "node/12196745513",
        "name": "Eyüpsultan",
        "network": "İstanbul Tramvayı",
        "public_transport": "stop_position",
        "railway": "tram_stop",
        "station": "tram",
        "tram": "yes"
      },
      "geometry": {
        "type": "Point",
        "coordinates": [
          28.9318915,
          41.0458604
        ]
      },
      "id": "node/12196745513"
    },
    {
      "type": "Feature",
      "properties": {
        "@id": "node/12196745515",
        "name": "Bayrampaşa Meydan",
        "network": "İstanbul Tramvayı",
        "public_transport": "stop_position",
        "railway": "tram_stop",
        "station": "tram",
        "tram": "yes"
      },
      "geometry": {
        "type": "Point",
        "coordinates": [
          28.9132742,
          41.0334722
        ]
      },
      "id": "node/12196745515"
    },
    {
      "type": "Feature",
      "properties": {
        "@id": "node/12196745516",
        "name": "Bayrampaşa",
        "network": "İstanbul Tramvayı",
        "public_transport": "stop_position",
        "railway": "tram_stop",
        "station": "tram",
        "tram": "yes"
      },
      "geometry": {
        "type": "Point",
        "coordinates": [
          28.9215128,
          41.0342147
        ]
      },
      "id": "node/12196745516"
    },
    {
      "type": "Feature",
      "properties": {
        "@id": "node/12196745517",
        "name": "Bayrampaşa",
        "network": "İstanbul Tramvayı",
        "public_transport": "stop_position",
        "railway": "tram_stop",
        "station": "tram",
        "tram": "yes"
      },
      "geometry": {
        "type": "Point",
        "coordinates": [
          28.9215531,
          41.0341913
        ]
      },
      "id": "node/12196745517"
    },
    {
      "type": "Feature",
      "properties": {
        "@id": "node/12606510007",
        "amenity": "ferry_terminal",
        "ferry": "yes",
        "name": "Bostancı İskelesi",
        "network": "Adalar-Moda",
        "operator": "Şehir Hatları",
        "public_transport": "station"
      },
      "geometry": {
        "type": "Point",
        "coordinates": [
          29.0942563,
          40.9515634
        ]
      },
      "id": "node/12606510007"
    },
    {
      "type": "Feature",
      "properties": {
        "@id": "node/12660716153",
        "name": "Yedikule",
        "network": "Türkiye Cumhuriyeti Devlet Demiryolları",
        "network:short": "TCDD",
        "network:wikidata": "Q499967",
        "operator": "TCDD Taşımacılık",
        "operator:wikidata": "Q28220824",
        "public_transport": "station",
        "railway": "station",
        "train": "yes",
        "wikidata": "Q8051083",
        "wikimedia_commons": "Category:Yedikule railway station",
        "wikipedia": "tr:Yedikule Tren İstasyonu"
      },
      "geometry": {
        "type": "Point",
        "coordinates": [
          28.9269188,
          40.9935264
        ]
      },
      "id": "node/12660716153"
    },
    {
      "type": "Feature",
      "properties": {
        "@id": "node/12660716198",
        "name": "Kocamustafapaşa",
        "network": "Türkiye Cumhuriyeti Devlet Demiryolları",
        "network:short": "TCDD",
        "network:wikidata": "Q499967",
        "operator": "TCDD Taşımacılık",
        "operator:wikidata": "Q28220824",
        "public_transport": "station",
        "railway": "station",
        "train": "yes",
        "wikidata": "Q6424719",
        "wikimedia_commons": "Category:Kocamustafapaşa railway station",
        "wikipedia": "tr:Kocamustafapaşa Tren İstasyonu"
      },
      "geometry": {
        "type": "Point",
        "coordinates": [
          28.9331768,
          40.9999287
        ]
      },
      "id": "node/12660716198"
    },
    {
      "type": "Feature",
      "properties": {
        "@id": "node/12660718806",
        "name": "Cerrahpaşa",
        "network": "Türkiye Cumhuriyeti Devlet Demiryolları",
        "network:short": "TCDD",
        "network:wikidata": "Q499967",
        "operator": "TCDD Taşımacılık",
        "operator:wikidata": "Q28220824",
        "public_transport": "station",
        "railway": "station",
        "train": "yes",
        "wikidata": "Q117303972",
        "wikimedia_commons": "Category:Cerrahpaşa railway station",
        "wikipedia": "tr:Cerrahpaşa Tren İstasyonu"
      },
      "geometry": {
        "type": "Point",
        "coordinates": [
          28.9402407,
          41.0028107
        ]
      },
      "id": "node/12660718806"
    },
    {
      "type": "Feature",
      "properties": {
        "@id": "node/12660718807",
        "ele": "-20",
        "name": "Yenikapı",
        "network": "Türkiye Cumhuriyeti Devlet Demiryolları",
        "network:short": "TCDD",
        "network:wikidata": "Q499967",
        "operator": "TCDD Taşımacılık",
        "operator:wikidata": "Q28220824",
        "public_transport": "station",
        "railway": "station",
        "train": "yes",
        "wheelchair": "yes",
        "wikidata": "Q18712646",
        "wikimedia_commons": "Category:Yenikapı Transfer Center",
        "wikipedia": "tr:Yenikapı Aktarma Merkezi"
      },
      "geometry": {
        "type": "Point",
        "coordinates": [
          28.9524013,
          41.004765
        ]
      },
      "id": "node/12660718807"
    },
    {
      "type": "Feature",
      "properties": {
        "@id": "node/12660718808",
        "name": "Kumkapı",
        "network": "Türkiye Cumhuriyeti Devlet Demiryolları",
        "network:short": "TCDD",
        "network:wikidata": "Q499967",
        "operator": "TCDD Taşımacılık",
        "operator:wikidata": "Q28220824",
        "public_transport": "station",
        "railway": "station",
        "train": "yes",
        "wheelchair": "yes",
        "wikidata": "Q11714217",
        "wikimedia_commons": "Category:Kumkapı railway station",
        "wikipedia": "tr:Kumkapı Tren İstasyonu"
      },
      "geometry": {
        "type": "Point",
        "coordinates": [
          28.9629002,
          41.0033651
        ]
      },
      "id": "node/12660718808"
    },
    {
      "type": "Feature",
      "properties": {
        "@id": "node/12660718814",
        "baby_feeding": "no",
        "ele": "-56",
        "internet_access": "no",
        "layer": "1",
        "name": "Sirkeci",
        "name:fa": "سرکه‌چی",
        "network": "Türkiye Cumhuriyeti Devlet Demiryolları",
        "network:short": "TCDD",
        "network:wikidata": "Q499967",
        "operator": "TCDD Taşımacılık",
        "operator:wikidata": "Q28220824",
        "public_transport": "station",
        "railway": "station",
        "train": "yes",
        "wheelchair": "yes",
        "wikidata": "Q800974",
        "wikimedia_commons": "Category:Sirkeci Terminal",
        "wikipedia": "tr:Sirkeci Garı"
      },
      "geometry": {
        "type": "Point",
        "coordinates": [
          28.977962,
          41.0150174
        ]
      },
      "id": "node/12660718814"
    },
    {
      "type": "Feature",
      "properties": {
        "@id": "node/12851014386",
        "amenity": "ferry_terminal",
        "ferry": "yes",
        "name": "Tuzla İskelesi",
        "public_transport": "station"
      },
      "geometry": {
        "type": "Point",
        "coordinates": [
          29.3018251,
          40.8147605
        ]
      },
      "id": "node/12851014386"
    },
    {
      "type": "Feature",
      "properties": {
        "@id": "node/12965332590",
        "amenity": "ferry_terminal",
        "ferry": "yes",
        "name": "Moda İskelesi",
        "operator": "İBB Şehir Hatları",
        "public_transport": "station"
      },
      "geometry": {
        "type": "Point",
        "coordinates": [
          29.0251913,
          40.9789324
        ]
      },
      "id": "node/12965332590"
    },
    {
      "type": "Feature",
      "properties": {
        "@id": "node/12966301758",
        "amenity": "ferry_terminal",
        "ferry": "yes",
        "name": "Kabataş",
        "name:ru": "Кабаташ",
        "name:tr": "Kabataş",
        "public_transport": "stop_position",
        "source": "PGS"
      },
      "geometry": {
        "type": "Point",
        "coordinates": [
          28.9940042,
          41.0328673
        ]
      },
      "id": "node/12966301758"
    },
    {
      "type": "Feature",
      "properties": {
        "@id": "node/12966301759",
        "amenity": "ferry_terminal",
        "ferry": "yes",
        "name": "Kabataş",
        "name:ru": "Кабаташ",
        "name:tr": "Kabataş",
        "public_transport": "stop_position",
        "source": "PGS"
      },
      "geometry": {
        "type": "Point",
        "coordinates": [
          28.9941545,
          41.033033
        ]
      },
      "id": "node/12966301759"
    },
    {
      "type": "Feature",
      "properties": {
        "@id": "node/12985053245",
        "amenity": "ferry_terminal",
        "ferry": "yes",
        "name": "BUDO",
        "public_transport": "station"
      },
      "geometry": {
        "type": "Point",
        "coordinates": [
          28.9928351,
          41.0329339
        ]
      },
      "id": "node/12985053245"
    },
    {
      "type": "Feature",
      "properties": {
        "@id": "node/12985053246",
        "amenity": "ferry_terminal",
        "ferry": "yes",
        "name": "BUDO",
        "public_transport": "station"
      },
      "geometry": {
        "type": "Point",
        "coordinates": [
          28.9930052,
          41.0329746
        ]
      },
      "id": "node/12985053246"
    },
    {
      "type": "Feature",
      "properties": {
        "@id": "node/12985066037",
        "amenity": "ferry_terminal",
        "ferry": "yes",
        "name": "Kabataş",
        "name:ru": "Кабаташ",
        "note": "FIXME: precise location",
        "operator": "Dentur Avrasya",
        "public_transport": "stop_position",
        "waterway:sign": "ferry"
      },
      "geometry": {
        "type": "Point",
        "coordinates": [
          28.9942017,
          41.0338703
        ]
      },
      "id": "node/12985066037"
    },
    {
      "type": "Feature",
      "properties": {
        "@id": "node/12985086870",
        "amenity": "ferry_terminal",
        "ferry": "yes",
        "name": "Şehir Hatları",
        "public_transport": "station"
      },
      "geometry": {
        "type": "Point",
        "coordinates": [
          28.9933481,
          41.0332322
        ]
      },
      "id": "node/12985086870"
    },
    {
      "type": "Feature",
      "properties": {
        "@id": "node/12985086871",
        "amenity": "ferry_terminal",
        "ferry": "yes",
        "name": "Şehir Hatları",
        "public_transport": "station"
      },
      "geometry": {
        "type": "Point",
        "coordinates": [
          28.9934693,
          41.0333658
        ]
      },
      "id": "node/12985086871"
    },
    {
      "type": "Feature",
      "properties": {
        "@id": "node/12985329527",
        "amenity": "ferry_terminal",
        "ferry": "yes",
        "public_transport": "station"
      },
      "geometry": {
        "type": "Point",
        "coordinates": [
          28.9936531,
          41.0338353
        ]
      },
      "id": "node/12985329527"
    },
    {
      "type": "Feature",
      "properties": {
        "@id": "node/12985329528",
        "amenity": "ferry_terminal",
        "ferry": "yes",
        "public_transport": "station"
      },
      "geometry": {
        "type": "Point",
        "coordinates": [
          28.9936618,
          41.0337274
        ]
      },
      "id": "node/12985329528"
    },
    {
      "type": "Feature",
      "properties": {
        "@id": "node/13073193000",
        "amenity": "ferry_terminal",
        "description:en": "Usually used by cruise ships that pick up tourists from Historical Peninsula.",
        "ferry": "yes",
        "interval": "no",
        "name": "Ahırkapı İskelesi",
        "operator": "İBB Şehir Hatları",
        "public_transport": "station"
      },
      "geometry": {
        "type": "Point",
        "coordinates": [
          28.9823737,
          41.0035807
        ]
      },
      "id": "node/13073193000"
    },
    {
      "type": "Feature",
      "properties": {
        "@id": "node/13140863305",
        "baby_feeding": "no",
        "ele": "148",
        "internet_access": "no",
        "name": "Çerkezköy",
        "network": "Türkiye Cumhuriyeti Devlet Demiryolları",
        "network:short": "TCDD",
        "network:wikidata": "Q499967",
        "operator": "TCDD Taşımacılık",
        "operator:wikidata": "Q28220824",
        "public_transport": "station",
        "railway": "station",
        "source": "bing",
        "train": "yes",
        "wheelchair": "yes",
        "wikidata": "Q48989033",
        "wikipedia": "en:Çerkezköy railway station"
      },
      "geometry": {
        "type": "Point",
        "coordinates": [
          28.0104856,
          41.2795639
        ]
      },
      "id": "node/13140863305"
    },
    {
      "type": "Feature",
      "properties": {
        "@id": "node/13140866846",
        "name": "Ömerli",
        "public_transport": "station",
        "railway": "station",
        "train": "yes",
        "wikidata": "Q97334696",
        "wikipedia": "tr:Ömerli Tren İstasyonu"
      },
      "geometry": {
        "type": "Point",
        "coordinates": [
          28.6414099,
          41.1172753
        ]
      },
      "id": "node/13140866846"
    },
    {
      "type": "Feature",
      "properties": {
        "@id": "node/13326076768",
        "amenity": "ferry_terminal",
        "ferry": "yes",
        "name": "İDO Avcılar Terminali",
        "public_transport": "station"
      },
      "geometry": {
        "type": "Point",
        "coordinates": [
          28.7177565,
          40.9705898
        ]
      },
      "id": "node/13326076768"
    },
    {
      "type": "Feature",
      "properties": {
        "@id": "node/13387561048",
        "amenity": "ferry_terminal",
        "ferry": "yes",
        "name": "Sarayburnu Limanı",
        "public_transport": "station"
      },
      "geometry": {
        "type": "Point",
        "coordinates": [
          28.9832049,
          41.0173357
        ]
      },
      "id": "node/13387561048"
    },
    {
      "type": "Feature",
      "properties": {
        "@id": "node/13610566241",
        "name": "Haydarpaşa",
        "network": "Türkiye Cumhuriyeti Devlet Demiryolları",
        "network:short": "TCDD",
        "network:wikidata": "Q499967",
        "operator": "TCDD Taşımacılık",
        "operator:wikidata": "Q28220824",
        "public_transport": "station",
        "railway": "station",
        "train": "yes",
        "wikidata": "Q800973",
        "wikipedia": "en:Haydarpaşa railway station"
      },
      "geometry": {
        "type": "Point",
        "coordinates": [
          29.0192634,
          40.996546
        ]
      },
      "id": "node/13610566241"
    },
    {
      "type": "Feature",
      "properties": {
        "@id": "node/14005979335",
        "name": "Ayrılık Çeşmesi",
        "network": "Marmaray",
        "network:wikidata": "Q497844",
        "operator": "TCDD Taşımacılık",
        "operator:wikidata": "Q28220824",
        "public_transport": "station",
        "railway": "station",
        "train": "yes",
        "wheelchair": "yes",
        "wikidata": "Q18712120",
        "wikipedia": "tr:Ayrılık Çeşmesi Tren İstasyonu"
      },
      "geometry": {
        "type": "Point",
        "coordinates": [
          29.030104,
          41.0001528
        ]
      },
      "id": "node/14005979335"
    },
    {
      "type": "Feature",
      "properties": {
        "@id": "node/14144395166",
        "name": "Konutbirlik",
        "network": "TR-railway",
        "operator": "TCDD",
        "public_transport": "station",
        "railway": "halt",
        "train": "yes"
      },
      "geometry": {
        "type": "Point",
        "coordinates": [
          28.7612072,
          41.038229
        ]
      },
      "id": "node/14144395166"
    },
    {
      "type": "Feature",
      "properties": {
        "@id": "node/14144397018",
        "name": "Altınşehir",
        "network": "TR-railway",
        "operator": "TCDD",
        "public_transport": "station",
        "railway": "halt",
        "train": "yes"
      },
      "geometry": {
        "type": "Point",
        "coordinates": [
          28.7486656,
          41.0558306
        ]
      },
      "id": "node/14144397018"
    },
    {
      "type": "Feature",
      "properties": {
        "@id": "node/14155798493",
        "amenity": "ferry_terminal",
        "ferry": "yes",
        "name": "Üsküdar",
        "public_transport": "station"
      },
      "geometry": {
        "type": "Point",
        "coordinates": [
          29.0146572,
          41.0274338
        ]
      },
      "id": "node/14155798493"
    },
    {
      "type": "Feature",
      "properties": {
        "@id": "node/14253047297",
        "alt_name": "Pendik İDO İskelesi",
        "amenity": "ferry_terminal",
        "ferry": "yes",
        "foot": "yes",
        "motor_vehicle": "yes",
        "name": "İDO Pendik Feribot İskelesi",
        "name:en": "İDO Pendik Ferry Terminal",
        "name:ru": "Паром в Ялову",
        "operator": "İDO",
        "public_transport": "station",
        "short_name": "Pendik İDO"
      },
      "geometry": {
        "type": "Point",
        "coordinates": [
          29.236207,
          40.8747233
        ]
      },
      "id": "node/14253047297"
    }
  ]
}